,Eigen-Gene
TCGA-A2-A25F,-5.037899613684861
TCGA-A8-A08I,-4.8285730855444795
TCGA-A2-A0EP,-4.023476376233514
TCGA-D8-A73U,-3.5889816175360543
TCGA-AO-A128,-3.568952922873256
TCGA-AR-A1AO,-3.5028491656059138
TCGA-E9-A22D,-3.440255439347661
TCGA-E9-A243,-3.343700973712383
TCGA-C8-A12K,-3.227285596780325
TCGA-A2-A04Q,-3.2247471676238515
TCGA-EW-A1PB,-2.941042673624602
TCGA-BH-A0H5,-2.9377869220715165
TCGA-AO-A0JC,-2.8727099644767784
TCGA-D8-A27M,-2.7871967927924124
TCGA-A8-A0A7,-2.776776413646829
TCGA-BH-A0B6,-2.728361214590816
TCGA-AC-A6IW,-2.7002847025377688
TCGA-A2-A0ST,-2.609770085679992
TCGA-EW-A1P4,-2.577503461199525
TCGA-BH-A1F0,-2.555983220506722
TCGA-A8-A08H,-2.5405162646041504
TCGA-LL-A440,-2.515344641109737
TCGA-E2-A108,-2.4470117185023033
TCGA-BH-A6R9,-2.369330391544892
TCGA-EW-A3U0,-2.3199868476686563
TCGA-AN-A0FN,-2.2155170882870783
TCGA-C8-A12V,-2.1878243926915464
TCGA-BH-A2L8,-2.1611116498343645
TCGA-B6-A0RT,-2.131593871305751
TCGA-BH-A0BG,-2.131134856563454
TCGA-LD-A9QF,-2.057749497892823
TCGA-D8-A1JF,-2.050193765253396
TCGA-BH-A1FB,-2.0384685940631573
TCGA-E2-A1B1,-2.002603638286513
TCGA-OL-A66I,-1.9971334593373384
TCGA-AR-A1AW,-1.984953370854257
TCGA-BH-A1EU,-1.980416377281281
TCGA-EW-A1P7,-1.944356853846793
TCGA-A2-A0EN,-1.9176954131691903
TCGA-AO-A03U,-1.9037185048676195
TCGA-A2-A0T1,-1.9002282199868152
TCGA-D8-A1Y2,-1.8997676672674095
TCGA-E9-A3QA,-1.8911369212263536
TCGA-JL-A3YW,-1.8746293660625324
TCGA-E9-A1NG,-1.8293183906169843
TCGA-A2-A25A,-1.8020723187739343
TCGA-BH-A0BF,-1.7994976881277147
TCGA-AC-A6IV,-1.7268146431636617
TCGA-B6-A0IJ,-1.7121906048390636
TCGA-AR-A1AJ,-1.711016597886853
TCGA-A2-A0CL,-1.7052729977069914
TCGA-EW-A2FR,-1.6955973192804752
TCGA-BH-A0DV,-1.679051291377963
TCGA-E2-A15M,-1.6677925793479342
TCGA-AR-A0U0,-1.6552893007961822
TCGA-A7-A26G,-1.6229689693790592
TCGA-BH-A0B0,-1.5860791695074323
TCGA-LL-A5YO,-1.5836714131796374
TCGA-BH-A0W7,-1.5826360314392325
TCGA-C8-A275,-1.54858437192793
TCGA-AC-A2FF,-1.5206031754869727
TCGA-AR-A0TT,-1.520338353177246
TCGA-AO-A0J2,-1.5064889871993807
TCGA-PE-A5DE,-1.5027832927650422
TCGA-D8-A1XW,-1.4971372328774515
TCGA-AQ-A7U7,-1.491499729669642
TCGA-EW-A1IY,-1.4819412690753409
TCGA-BH-A208,-1.4601325675143872
TCGA-GM-A2DN,-1.4541956410717605
TCGA-AC-A3W5,-1.438152515674967
TCGA-E9-A1R3,-1.4274831115996782
TCGA-AC-A2B8,-1.4115817195504503
TCGA-BH-A0BL,-1.4021088007898086
TCGA-D8-A141,-1.3982016962201655
TCGA-AR-A2LQ,-1.3945417877199262
TCGA-AO-A0JE,-1.3872571267120566
TCGA-A2-A3XT,-1.360481097495736
TCGA-XX-A89A,-1.3593675103324285
TCGA-EW-A1IZ,-1.3578369959636982
TCGA-AR-A252,-1.3466540064802843
TCGA-D8-A1Y0,-1.3370561066056066
TCGA-E9-A22E,-1.3337849086946336
TCGA-C8-A1HF,-1.326157736225311
TCGA-E9-A22A,-1.3175038410179039
TCGA-D8-A1JU,-1.3031514527038692
TCGA-AN-A0XW,-1.2924424186183545
TCGA-BH-A1EX,-1.286599884859818
TCGA-AO-A0J8,-1.2779206894608064
TCGA-D8-A1XQ,-1.2760335984818365
TCGA-A8-A07J,-1.2656015192510253
TCGA-E2-A3DX,-1.2579349719903552
TCGA-AR-A2LH,-1.2369327812816642
TCGA-OL-A5RY,-1.2338351761027142
TCGA-A2-A0T6,-1.2297906630293587
TCGA-A8-A096,-1.2270495269981307
TCGA-AC-A3BB,-1.2151348037749685
TCGA-E2-A1II,-1.201118106937242
TCGA-LL-A441,-1.1956615269448103
TCGA-E9-A2JT,-1.185451759569547
TCGA-AR-A24U,-1.1802332010463623
TCGA-A2-A0YK,-1.1753546050452122
TCGA-A7-A13H,-1.1747227656534898
TCGA-C8-A278,-1.1682917415846765
TCGA-BH-A18I,-1.1650100141930602
TCGA-AR-A1AR,-1.1362951905555052
TCGA-BH-A1FH,-1.1216410849278458
TCGA-BH-A0B7,-1.1042654098713394
TCGA-BH-A0BW,-1.0993208899194726
TCGA-E9-A1ND,-1.0919426269006105
TCGA-S3-AA10,-1.0856531005282801
TCGA-BH-A0B9,-1.0556324527262675
TCGA-D8-A27I,-1.052117068973559
TCGA-E9-A1NA,-1.0432947340489647
TCGA-EW-A1P1,-1.0356059657907515
TCGA-A7-A6VY,-1.02795597902864
TCGA-A8-A07U,-1.0275862755421024
TCGA-S3-AA15,-1.021575535174054
TCGA-E2-A1LE,-1.0206446760401313
TCGA-AR-A0U4,-1.0047969707482947
TCGA-AR-A0TX,-1.0017869080984045
TCGA-AO-A0JJ,-0.9988832677064818
TCGA-AR-A1AX,-0.9933126029230206
TCGA-A2-A0SX,-0.991167410698993
TCGA-BH-A202,-0.9862257610188537
TCGA-A1-A0SI,-0.966030078678063
TCGA-EW-A1OV,-0.9654332775167954
TCGA-A2-A3XZ,-0.9644691062694942
TCGA-E9-A1RF,-0.9557581063351075
TCGA-B6-A3ZX,-0.9550973473470158
TCGA-BH-A8G0,-0.9505926924773981
TCGA-AC-A2FE,-0.9462372624422478
TCGA-E2-A10F,-0.9409160924359394
TCGA-A8-A09X,-0.9375432133164379
TCGA-C8-A8HR,-0.9307888361588731
TCGA-BH-A0BZ,-0.9304249827338954
TCGA-E9-A1NE,-0.928608622680027
TCGA-A2-A3XW,-0.9267948360885802
TCGA-BH-A8FZ,-0.9256209281070547
TCGA-AC-A2FB,-0.9225222861387724
TCGA-AR-A24S,-0.9220872792079967
TCGA-A8-A09R,-0.921919176866705
TCGA-BH-A0RX,-0.9150049939494684
TCGA-C8-A26X,-0.9149308056162565
TCGA-BH-A0DI,-0.9129125540119052
TCGA-BH-A0C0,-0.9103115340548611
TCGA-A2-A0EQ,-0.9093530675028964
TCGA-BH-A0W5,-0.9090860891207453
TCGA-BH-A0DP,-0.9046857930402018
TCGA-AO-A12D,-0.9025533760345775
TCGA-BH-A0C3,-0.8968634092741031
TCGA-AC-A2QH,-0.895567905074334
TCGA-C8-A8HP,-0.8913976911060258
TCGA-BH-A209,-0.8839900140303495
TCGA-A8-A0A1,-0.8756199029031695
TCGA-XX-A899,-0.8729042639245072
TCGA-AC-A3HN,-0.8695786816285795
TCGA-AC-A3OD,-0.8680396993096566
TCGA-D8-A27N,-0.8624908923378578
TCGA-5L-AAT1,-0.858618947597752
TCGA-A8-A08X,-0.8579595685700669
TCGA-D8-A1JG,-0.8508234465083241
TCGA-A1-A0SH,-0.840495365706826
TCGA-A2-A0YD,-0.8397216201938653
TCGA-A8-A08Z,-0.8386138730852659
TCGA-C8-A27B,-0.8370533395056434
TCGA-AR-A1AT,-0.8347177985814134
TCGA-BH-A0AW,-0.8315281800471442
TCGA-A2-A0CO,-0.8313828190314442
TCGA-AN-A0XN,-0.8305264501043953
TCGA-A2-A0CV,-0.8229097014826008
TCGA-GI-A2C8,-0.8199464792791975
TCGA-AR-A254,-0.8171892770842223
TCGA-D8-A1JD,-0.8124706877569965
TCGA-A2-A0EW,-0.7964503414167802
TCGA-A2-A0YI,-0.7906601250348947
TCGA-GM-A2DI,-0.7895454042417165
TCGA-A2-A3Y0,-0.7886311104680631
TCGA-AC-A3W6,-0.7866687790235573
TCGA-D8-A27L,-0.7863276453024391
TCGA-BH-A0EB,-0.7842006483834163
TCGA-A7-A3J1,-0.7775116132895608
TCGA-D8-A1JL,-0.776580568109185
TCGA-AQ-A04J,-0.773727302570794
TCGA-E9-A229,-0.7730339014019143
TCGA-AO-A0J6,-0.7583497359838284
TCGA-D8-A142,-0.7557619292616838
TCGA-C8-A132,-0.7534567875116069
TCGA-C8-A134,-0.7492283654904981
TCGA-E2-A14Z,-0.7443338394167862
TCGA-B6-A40B,-0.7337389124199653
TCGA-A8-A09D,-0.731842890695139
TCGA-GM-A3XN,-0.7294416057610548
TCGA-AR-A24T,-0.7262870762019168
TCGA-EW-A1P5,-0.7144005453927342
TCGA-AO-A0J4,-0.7137816926748292
TCGA-EW-A1J2,-0.7111850127247183
TCGA-LD-A7W5,-0.7109948317870305
TCGA-BH-A0DX,-0.7056905606658711
TCGA-A2-A3XY,-0.7005201894074341
TCGA-D8-A1JK,-0.6989692376268194
TCGA-AR-A5QQ,-0.6900416341722054
TCGA-E2-A14R,-0.6839155160728057
TCGA-E2-A159,-0.6738632368807134
TCGA-A8-A08R,-0.6728229358492162
TCGA-D8-A1JB,-0.6712098275708666
TCGA-AR-A1AK,-0.6696771884775466
TCGA-AC-A23G,-0.6682139709489365
TCGA-AR-A1AQ,-0.6658764491252548
TCGA-A2-A0CZ,-0.6534559355146271
TCGA-S3-AA17,-0.6500527056375093
TCGA-EW-A6SD,-0.645510593440601
TCGA-A8-A09I,-0.6442220945533005
TCGA-AO-A0JF,-0.6354552227393434
TCGA-BH-A1FE,-0.6327830566102198
TCGA-BH-A0BC,-0.6248885780617256
TCGA-E2-A1IJ,-0.6246450255431325
TCGA-C8-A12N,-0.624451230461567
TCGA-LD-A74U,-0.6236456306436353
TCGA-E2-A1B0,-0.621185646140854
TCGA-B6-A0RS,-0.6206111452343556
TCGA-E2-A1BD,-0.6174201156112562
TCGA-BH-A28O,-0.6112812040348264
TCGA-BH-A1EY,-0.6096632862686052
TCGA-A7-A0CG,-0.6095279548412533
TCGA-E9-A1NC,-0.6034983035938631
TCGA-AR-A0TS,-0.6024495557910577
TCGA-BH-A0H3,-0.5983690505633293
TCGA-A2-A0SW,-0.5922013167188215
TCGA-AO-A0J5,-0.5829970427285932
TCGA-E2-A1IO,-0.5776170409408574
TCGA-S3-AA0Z,-0.5772628929146014
TCGA-AR-A0TQ,-0.5766677490142671
TCGA-A8-A06P,-0.5766575973868906
TCGA-A1-A0SN,-0.5761104484384098
TCGA-D8-A1JH,-0.573778878096108
TCGA-GM-A2DL,-0.5688840423879777
TCGA-C8-A8HQ,-0.5666100256329106
TCGA-BH-A0DL,-0.5654385098910879
TCGA-AR-A250,-0.5629761416628666
TCGA-D8-A1Y1,-0.5629262452402077
TCGA-BH-A0AZ,-0.5532179098210968
TCGA-D8-A1XT,-0.5492863786156865
TCGA-E2-A1LG,-0.5349943230152113
TCGA-E9-A1QZ,-0.5346198620950894
TCGA-B6-A0IH,-0.5345075198902015
TCGA-BH-A1FU,-0.53335959590561
TCGA-AR-A2LN,-0.5284389354653114
TCGA-BH-A0B3,-0.5268898573763908
TCGA-A8-A09Z,-0.5246926281550773
TCGA-BH-A1EO,-0.523082146065247
TCGA-D8-A1J9,-0.5216331365713164
TCGA-C8-A1HM,-0.5170873819673936
TCGA-B6-A0WX,-0.515003054151023
TCGA-E9-A248,-0.51055129605489
TCGA-BH-A0AV,-0.5057867970085431
TCGA-A2-A25D,-0.5057003044628304
TCGA-AC-A8OQ,-0.5045618132343449
TCGA-BH-A0B2,-0.5030239319587246
TCGA-AR-A2LM,-0.49481275441587824
TCGA-A7-A4SD,-0.49350466118339
TCGA-AO-A12A,-0.48956747442399523
TCGA-A8-A0A6,-0.48488771769693717
TCGA-A2-A0D0,-0.48190992546899286
TCGA-BH-A18Q,-0.48150245504935985
TCGA-A7-A5ZW,-0.47876135794097524
TCGA-E2-A1L7,-0.47568633177271125
TCGA-EW-A3E8,-0.4740261290857022
TCGA-E9-A1NF,-0.47401056864616975
TCGA-A8-A08P,-0.4714072353814684
TCGA-BH-A1FC,-0.4703152128285056
TCGA-E9-A1N5,-0.4687281311321056
TCGA-E2-A153,-0.4684701241985409
TCGA-BH-A0DG,-0.4676784880389236
TCGA-E2-A1L9,-0.4669252138684352
TCGA-BH-A18V,-0.46161301512289116
TCGA-AN-A0XS,-0.455975621068216
TCGA-AR-A24O,-0.4554903441524527
TCGA-GM-A2DF,-0.4532034254614223
TCGA-AR-A2LO,-0.45260688398019383
TCGA-A7-A26F,-0.45149270882677006
TCGA-A8-A09Q,-0.4453901183833502
TCGA-EW-A1PE,-0.44218872168744944
TCGA-BH-A0DE,-0.4373736774786121
TCGA-D8-A27T,-0.43577870915747957
TCGA-A8-A08F,-0.43477752167379935
TCGA-D8-A1JE,-0.4339390431216502
TCGA-A2-A0CX,-0.43287701722784433
TCGA-A7-A6VV,-0.4315412978635001
TCGA-E2-A152,-0.4303650199886174
TCGA-AO-A1KO,-0.4301049471321653
TCGA-BH-A0DS,-0.42890823016073165
TCGA-A7-A0DB,-0.42688335001253697
TCGA-A2-A1G6,-0.42338945969750247
TCGA-LL-A73Y,-0.4143330255656355
TCGA-BH-A0DK,-0.4133837881224608
TCGA-E2-A150,-0.4122378893151163
TCGA-D8-A1XM,-0.4036354949911121
TCGA-GM-A3XL,-0.40080099606942315
TCGA-PL-A8LZ,-0.39976284399052575
TCGA-BH-A0B5,-0.3978696109888693
TCGA-A2-A4RY,-0.39746751214099246
TCGA-A2-A3KC,-0.3967419534890226
TCGA-A2-A04X,-0.3903601268323782
TCGA-BH-A0BR,-0.38990812507061656
TCGA-LL-A5YP,-0.38868897937314556
TCGA-AC-A6IX,-0.3876554312543529
TCGA-AC-A7VC,-0.3874558621489502
TCGA-BH-A0BO,-0.386873943406982
TCGA-AR-A5QM,-0.3856000499353941
TCGA-BH-A0AY,-0.3831885927746666
TCGA-B6-A400,-0.3822395791339113
TCGA-AC-A8OS,-0.37563430267837705
TCGA-C8-A12P,-0.37279860198484027
TCGA-A2-A0CM,-0.36841555367195494
TCGA-A7-A2KD,-0.36733648657261264
TCGA-D8-A27H,-0.36607823383256255
TCGA-A8-A07E,-0.36575011311300093
TCGA-D8-A1XU,-0.36434776628106813
TCGA-A2-A0YH,-0.36310567956344314
TCGA-C8-A1HG,-0.36210585020744723
TCGA-C8-A12Q,-0.3602240861330226
TCGA-A8-A075,-0.3594788963116743
TCGA-A7-A3IY,-0.3552256194245251
TCGA-AC-A3YI,-0.3527409740476852
TCGA-AR-A1AI,-0.3391831034380265
TCGA-AC-A5EH,-0.3388707440274067
TCGA-OL-A5D7,-0.3362178674168246
TCGA-A2-A0SV,-0.33267083544579784
TCGA-C8-A12W,-0.32776475080498557
TCGA-GM-A2DH,-0.3217369456884751
TCGA-AR-A24V,-0.3216492331753931
TCGA-AR-A1AL,-0.31964287026418925
TCGA-BH-A203,-0.31610592789818237
TCGA-A7-A426,-0.31492634176176754
TCGA-BH-A1F2,-0.3143886913760295
TCGA-BH-A18F,-0.30895667592962833
TCGA-A8-A094,-0.3073342260494638
TCGA-D8-A1XO,-0.30666715499608777
TCGA-HN-A2OB,-0.302454764973043
TCGA-A8-A0AD,-0.2914564906115377
TCGA-A2-A0T7,-0.2906028235875955
TCGA-BH-A0BQ,-0.2877181246590921
TCGA-AR-A1AP,-0.28522213790752754
TCGA-E2-A14X,-0.28480032147861184
TCGA-AC-A2FK,-0.2836926726965529
TCGA-BH-A18M,-0.28313118671269943
TCGA-A2-A1G1,-0.28177831911139906
TCGA-B6-A0WS,-0.2807042254541222
TCGA-E9-A24A,-0.28009323561972965
TCGA-E9-A1N4,-0.2740659867235628
TCGA-OK-A5Q2,-0.26956300584015125
TCGA-LL-A73Z,-0.2666503911585163
TCGA-OL-A97C,-0.2618221830679813
TCGA-C8-A3M7,-0.257889265243476
TCGA-BH-A0EA,-0.2568818337607369
TCGA-BH-A18U,-0.25577216076879083
TCGA-BH-A0DQ,-0.25419463881852666
TCGA-3C-AALI,-0.2519626566310622
TCGA-A2-A0T4,-0.24816555756412376
TCGA-GI-A2C9,-0.2465361215702671
TCGA-BH-A0DT,-0.24543839754918262
TCGA-D8-A73X,-0.22583200675366233
TCGA-5L-AAT0,-0.2254418854424018
TCGA-AC-A23E,-0.22348273169082244
TCGA-A7-A425,-0.22177667105487392
TCGA-AR-A24P,-0.21810738890309544
TCGA-AR-A255,-0.2156524381694117
TCGA-BH-A0HP,-0.21450085899709123
TCGA-D8-A1XB,-0.21306675896720317
TCGA-E2-A573,-0.2129794780535911
TCGA-AR-A0TU,-0.2122557465038739
TCGA-EW-A1IX,-0.2108307289805161
TCGA-BH-A1F6,-0.20548451481417024
TCGA-AC-A2QI,-0.20542246461847488
TCGA-A2-A4RX,-0.20113777275683722
TCGA-AN-A0AS,-0.20073148667106805
TCGA-AC-A2FO,-0.19882851868994553
TCGA-A2-A0EO,-0.19689050928962
TCGA-D8-A4Z1,-0.19327525979591148
TCGA-AN-A046,-0.1925150210585297
TCGA-BH-A0HF,-0.18107104050920614
TCGA-E9-A1RI,-0.17714527983965864
TCGA-AO-A0JA,-0.17534949332903468
TCGA-A8-A07G,-0.17295304665093195
TCGA-AQ-A0Y5,-0.17111823961672248
TCGA-C8-A135,-0.16953045375999798
TCGA-E9-A1R0,-0.16588919876804975
TCGA-A8-A097,-0.16021517808807384
TCGA-A7-A4SA,-0.16016076259519743
TCGA-BH-A0DZ,-0.15808891289040175
TCGA-D8-A27G,-0.15529076850980633
TCGA-E2-A1LB,-0.15438029051960833
TCGA-A2-A0EY,-0.15380463849114992
TCGA-E9-A1NH,-0.15359290292551772
TCGA-EW-A6SC,-0.14441277967055627
TCGA-EW-A1P8,-0.14316857496325014
TCGA-AN-A0AM,-0.14274927844364552
TCGA-A2-A0YL,-0.1407494752091441
TCGA-A2-A0ES,-0.13900557138102343
TCGA-AR-A24Q,-0.13779677927332706
TCGA-EW-A1J5,-0.13433084660405442
TCGA-A2-A0CS,-0.11343067156840987
TCGA-D8-A1JP,-0.11220115452689608
TCGA-PL-A8LV,-0.10396409240746887
TCGA-A7-A5ZV,-0.09874067900751407
TCGA-EW-A1OW,-0.09546652066065599
TCGA-4H-AAAK,-0.09447902800074959
TCGA-BH-A0GY,-0.0921326577079902
TCGA-A2-A1FZ,-0.0906649761934881
TCGA-BH-A18P,-0.08451228640978897
TCGA-B6-A401,-0.08450636578628927
TCGA-A2-A0CP,-0.0842349409013976
TCGA-A7-A26I,-0.08136901389729352
TCGA-AN-A03X,-0.08075589457293875
TCGA-A2-A0EV,-0.07771599473282675
TCGA-EW-A6S9,-0.0768127767831741
TCGA-C8-A12Z,-0.07610027053747556
TCGA-BH-A18H,-0.07439890733047438
TCGA-AC-A62Y,-0.07405284117117764
TCGA-LL-A740,-0.07370130150566066
TCGA-A2-A0EX,-0.07248255760277787
TCGA-BH-A0B4,-0.07209669391715666
TCGA-A8-A08A,-0.0712153547388944
TCGA-A2-A0SY,-0.07033503486785246
TCGA-A8-A09T,-0.06326519929405222
TCGA-A2-A0D2,-0.06166724467848175
TCGA-A8-A08J,-0.06015382290870204
TCGA-AN-A0XU,-0.06009933039632015
TCGA-A7-A4SE,-0.05875718345076701
TCGA-AN-A0FV,-0.056171409929133415
TCGA-D8-A27K,-0.05471058993107965
TCGA-AR-A1AM,-0.04905445640938768
TCGA-A8-A076,-0.048910759940267806
TCGA-D8-A145,-0.04405436145268663
TCGA-D8-A146,-0.043628407778548615
TCGA-A2-A4S2,-0.040032876723709664
TCGA-B6-A0X1,-0.03807345881206356
TCGA-A8-A09G,-0.03540595955775907
TCGA-AQ-A1H3,-0.02410825658538263
TCGA-A2-A3XS,-0.023031903188171478
TCGA-A1-A0SM,-0.02083550142336047
TCGA-AR-A1AN,-0.0195072121255596
TCGA-AC-A23C,-0.013806103640228782
TCGA-BH-A42T,-0.01314112034017985
TCGA-BH-A0BP,-0.012379153602329804
TCGA-AR-A5QP,-0.007395425733329681
TCGA-A2-A04W,-0.006628025005761378
TCGA-BH-A42V,-0.006380118262638057
TCGA-A7-A0DA,-0.0019863913203520844
TCGA-AR-A2LR,0.0009047972197762175
TCGA-AN-A0AL,0.00264354348331417
TCGA-BH-A0BJ,0.017246032927330207
TCGA-A8-A07W,0.022302192836909075
TCGA-AC-A3QQ,0.02457380872778964
TCGA-EW-A1PF,0.024900578980510225
TCGA-C8-A26W,0.026136427019061475
TCGA-3C-AALJ,0.02964099903650251
TCGA-A8-A09A,0.033079898571400305
TCGA-E2-A1AZ,0.034993666691922345
TCGA-OL-A5RX,0.04068335750762325
TCGA-EW-A1PG,0.04195996576430254
TCGA-BH-A0WA,0.046343092016168416
TCGA-BH-AB28,0.04736614176322074
TCGA-E2-A1BC,0.05657700158598144
TCGA-MS-A51U,0.057907729246048194
TCGA-A7-A5ZX,0.059306385729676864
TCGA-AN-A0AJ,0.06509536015478566
TCGA-BH-A0C1,0.07742678517586991
TCGA-A1-A0SB,0.0777794293880888
TCGA-BH-A0E0,0.08075464213926904
TCGA-BH-A0H7,0.08268387319384035
TCGA-EW-A2FV,0.08528742233130021
TCGA-A2-A0D3,0.08735126889544312
TCGA-AR-A24W,0.08964616925699019
TCGA-AO-A129,0.09063794937163606
TCGA-A7-A4SC,0.09239698340057498
TCGA-BH-A0HB,0.09300192894992275
TCGA-E2-A14P,0.09673668419086343
TCGA-A2-A4S3,0.09988208757714512
TCGA-AR-A5QN,0.10196373705165344
TCGA-AR-A256,0.10284238992251798
TCGA-E2-A15A,0.10342036372905615
TCGA-OL-A5RZ,0.10703841957676921
TCGA-E2-A15D,0.11004527131186621
TCGA-B6-A0RN,0.11112967242102335
TCGA-S3-AA14,0.11291582091831852
TCGA-B6-A0WY,0.11353921506914198
TCGA-E9-A227,0.11668056784596641
TCGA-A2-A4RW,0.11783239608277232
TCGA-AO-A12C,0.12591513360716006
TCGA-E2-A1LL,0.12767326843289753
TCGA-A2-A1G0,0.13039035098317595
TCGA-AN-A041,0.13462515295715352
TCGA-E9-A1RA,0.13850368085212855
TCGA-D8-A1XY,0.14083863544198214
TCGA-OL-A66H,0.1431062438344877
TCGA-EW-A1IW,0.1460338320680541
TCGA-BH-A0E9,0.14719367621300677
TCGA-A1-A0SF,0.14819342816254147
TCGA-E9-A3Q9,0.1487400609012536
TCGA-OL-A5RU,0.15049174799493373
TCGA-BH-A201,0.15226637442445484
TCGA-D8-A1XZ,0.1549029945196723
TCGA-A8-A08B,0.15999657699468892
TCGA-B6-A40C,0.16164965739866927
TCGA-B6-A0RQ,0.1626859006402598
TCGA-A7-A26E,0.1629001543415654
TCGA-E2-A15K,0.16448737755042192
TCGA-AO-A03M,0.16484467052989604
TCGA-C8-A12O,0.16585392268549742
TCGA-B6-A0RI,0.1671918741459053
TCGA-D8-A3Z5,0.1702092730370828
TCGA-3C-AALK,0.17265695687006205
TCGA-E2-A1LI,0.17691154582764412
TCGA-A8-A07I,0.17766121533192786
TCGA-B6-A0I6,0.1777741149917436
TCGA-AR-A1AY,0.17946027457597827
TCGA-AO-A0JG,0.18133265325752415
TCGA-A2-A04N,0.18350961580487674
TCGA-AO-A0JM,0.18647683016624897
TCGA-A7-A26H,0.1868129643011902
TCGA-BH-A0BV,0.18810091064803128
TCGA-AO-A1KT,0.1920320190576581
TCGA-C8-A12T,0.19515587554929775
TCGA-D8-A1XJ,0.19571830500634502
TCGA-B6-A0RU,0.19959624649791766
TCGA-D8-A1XS,0.2000284106478107
TCGA-AR-A24X,0.2013408061984406
TCGA-BH-A0HK,0.2036003159597883
TCGA-AN-A0XV,0.2075954135756732
TCGA-A8-A08L,0.21443552480783845
TCGA-A8-A09W,0.21529944623262667
TCGA-OL-A5D6,0.21730714560026904
TCGA-AN-A0FJ,0.21776238915858573
TCGA-D8-A1X9,0.21856388679641084
TCGA-EW-A1PD,0.21868971708479887
TCGA-AO-A12E,0.22292535459505275
TCGA-OL-A66J,0.223603476555315
TCGA-A8-A07B,0.22389675012058607
TCGA-OL-A66K,0.2254871990217235
TCGA-E9-A1R2,0.2257085500885002
TCGA-E2-A1IN,0.22660818381603157
TCGA-C8-A26V,0.23543326748214982
TCGA-E9-A1N6,0.23799275366032116
TCGA-A2-A3XX,0.24050957041435697
TCGA-D8-A27F,0.24270049608861619
TCGA-AN-A0FF,0.24483992515570915
TCGA-D8-A1J8,0.24600938788976298
TCGA-D8-A73W,0.24604290136106763
TCGA-A8-A07F,0.24990952233040242
TCGA-A2-A0YM,0.25332399476789075
TCGA-E2-A2P6,0.2551724095968012
TCGA-D8-A1JJ,0.2588342095607341
TCGA-E2-A15H,0.26195236580350684
TCGA-AN-A0XL,0.26487018483961233
TCGA-D8-A147,0.265702888762727
TCGA-B6-A408,0.26799357517871875
TCGA-E2-A1LK,0.27503884810058243
TCGA-E2-A15C,0.2825500045096411
TCGA-A2-A0SU,0.28510182273200857
TCGA-A2-A259,0.2856093046427563
TCGA-AO-A03L,0.28599898536070395
TCGA-EW-A1OZ,0.2889552731652222
TCGA-AR-A0TW,0.2910771443502916
TCGA-BH-A0H6,0.2916396853999562
TCGA-B6-A0IK,0.2938620299902463
TCGA-E2-A15E,0.29386680061561493
TCGA-AN-A0FS,0.2955452551214058
TCGA-EW-A1P3,0.29734002873184645
TCGA-A8-A0A4,0.30082581858772844
TCGA-B6-A0WT,0.3029791034897021
TCGA-E9-A1RG,0.30321970936431925
TCGA-BH-A0AU,0.313117654200479
TCGA-A2-A0EM,0.31375007274041833
TCGA-BH-A0BA,0.3194235108836974
TCGA-E2-A14U,0.32092417896014286
TCGA-A2-A04T,0.3218017286133546
TCGA-AR-A1AS,0.3250888868411144
TCGA-C8-A26Y,0.3292252325013171
TCGA-E9-A1NI,0.3302128692568391
TCGA-A2-A0YJ,0.33618317703098877
TCGA-B6-A0X7,0.3390577920578266
TCGA-BH-A0BD,0.3429031819149331
TCGA-A8-A09M,0.34366205492903057
TCGA-A1-A0SD,0.34584148389883684
TCGA-AC-A3W7,0.3465356080751109
TCGA-BH-A18K,0.3470823231845314
TCGA-AN-A0FX,0.3496211252346834
TCGA-A2-A0T0,0.351145254340568
TCGA-A8-A08T,0.35291232873436856
TCGA-E2-A15I,0.35299409382064184
TCGA-BH-A5IZ,0.3579235610292863
TCGA-PE-A5DD,0.36124726051828404
TCGA-AC-A8OR,0.36194416579924477
TCGA-C8-A12U,0.3635912596255099
TCGA-A7-A13E,0.36746638820224264
TCGA-OL-A5RV,0.3702972024433188
TCGA-AC-A5XU,0.372226380482119
TCGA-BH-A0HQ,0.37349154086510566
TCGA-AN-A049,0.37550528451447723
TCGA-E9-A1RB,0.3756681560970515
TCGA-A8-A06R,0.3799034325949645
TCGA-A2-A1FX,0.38100155157134274
TCGA-AR-A2LL,0.3848820452437037
TCGA-AR-A1AU,0.38696002258599244
TCGA-C8-A1HK,0.38846899921978884
TCGA-A8-A07C,0.3890675643884927
TCGA-EW-A424,0.38984705763329947
TCGA-A1-A0SG,0.39217175406506133
TCGA-A7-A4SF,0.39817371763445436
TCGA-AC-A6NO,0.3999042741407192
TCGA-BH-A1ES,0.40069254171298124
TCGA-W8-A86G,0.4011476836361573
TCGA-EW-A1P6,0.40219318290042294
TCGA-E2-A1IG,0.4032178960278095
TCGA-D8-A1JN,0.4064040638223331
TCGA-A8-A06X,0.4082823529004307
TCGA-B6-A2IU,0.41056132539339435
TCGA-E9-A1R5,0.4107512792405902
TCGA-LL-A7T0,0.4135369666082431
TCGA-D8-A27V,0.41358263448563
TCGA-AN-A0FD,0.41544201446054396
TCGA-D8-A1X5,0.41799493989352265
TCGA-A2-A0YG,0.42384919371695945
TCGA-D8-A13Z,0.42444614084900767
TCGA-BH-A1FR,0.42466296650656565
TCGA-A2-A0T2,0.42955534883105073
TCGA-AR-A0TP,0.43064694405930276
TCGA-AR-A0TY,0.4335239786858492
TCGA-A8-A07L,0.43631585178629406
TCGA-AO-A12G,0.43725034791581546
TCGA-BH-A1EN,0.43852916666014896
TCGA-BH-A0HU,0.4413638744087406
TCGA-BH-A28Q,0.44243213434646306
TCGA-A2-A25B,0.4468552022989929
TCGA-S3-A6ZG,0.4477655986144046
TCGA-AC-A8OP,0.45034137860213824
TCGA-C8-A130,0.45174594480151087
TCGA-E2-A158,0.45212569507766964
TCGA-BH-A1ET,0.46072976168277274
TCGA-E9-A226,0.4657368427158048
TCGA-AR-A24L,0.46590795033617144
TCGA-A2-A0T5,0.4670083244258295
TCGA-AQ-A04L,0.46771863030264327
TCGA-EW-A1P0,0.46786808132469454
TCGA-A8-A095,0.4731667251217892
TCGA-D8-A1XD,0.4788409818138275
TCGA-AR-A251,0.47896222814795464
TCGA-AN-A0AK,0.4820965630863366
TCGA-D8-A27R,0.48474086642537967
TCGA-A2-A04V,0.4854332776284655
TCGA-E2-A10B,0.4883051281508302
TCGA-B6-A0RP,0.4958532189496737
TCGA-A8-A07O,0.4959006804177053
TCGA-BH-A0DH,0.49981748156757483
TCGA-B6-A0IQ,0.5043603017061936
TCGA-BH-A0EI,0.5117971646887154
TCGA-GM-A2DM,0.5121832195988743
TCGA-E9-A5UP,0.5142750578973152
TCGA-A2-A0CW,0.5149028030738552
TCGA-E2-A1IL,0.5166818248120971
TCGA-E2-A15O,0.5182298870626361
TCGA-A8-A06U,0.5225624110210723
TCGA-HN-A2NL,0.5287389918605361
TCGA-E9-A295,0.5316430852861397
TCGA-BH-A18R,0.5343733798464748
TCGA-A8-A09V,0.5347420963365651
TCGA-BH-A1EV,0.5360186071980656
TCGA-E9-A22B,0.5397324500504262
TCGA-AC-A2FG,0.5424759152733898
TCGA-C8-A12L,0.5462061999499814
TCGA-AC-A23H,0.5490804865631808
TCGA-OL-A5DA,0.5522895854096536
TCGA-A1-A0SE,0.5534677475836036
TCGA-B6-A402,0.5555301708215693
TCGA-BH-A0C7,0.5566299920847686
TCGA-B6-A0I8,0.5627383220777435
TCGA-AR-A2LE,0.563427627185877
TCGA-AR-A24M,0.5635000149424698
TCGA-D8-A140,0.5659211125161887
TCGA-E2-A1IK,0.5749265072779177
TCGA-AR-A24R,0.5758173371359686
TCGA-AO-A03O,0.5761584271268521
TCGA-E9-A249,0.5849669297115098
TCGA-PL-A8LX,0.5851754045753246
TCGA-A8-A082,0.5854820647086852
TCGA-B6-A0RV,0.5864773891286291
TCGA-OL-A6VO,0.5894140095448428
TCGA-E9-A1N9,0.5901708094047778
TCGA-B6-A0X0,0.5929260747633173
TCGA-A8-A08C,0.5947486680428029
TCGA-D8-A1XK,0.5952335414679703
TCGA-LD-A7W6,0.5952944207384171
TCGA-A2-A25C,0.5966414881162632
TCGA-A8-A090,0.5987257300885723
TCGA-E2-A156,0.6005426160794394
TCGA-S3-A6ZF,0.6033247225174908
TCGA-C8-A137,0.605797294645045
TCGA-B6-A0IP,0.6061426122190373
TCGA-BH-A1EW,0.6078933791597184
TCGA-BH-A0HX,0.6085836504179655
TCGA-BH-A1FN,0.6104790359934533
TCGA-PE-A5DC,0.6106564049756765
TCGA-D8-A1JC,0.6131314024928748
TCGA-AR-A0U3,0.613412739431208
TCGA-D8-A1JA,0.6182552597259982
TCGA-D8-A1X8,0.619596787382832
TCGA-E9-A1N8,0.62092162141765
TCGA-E2-A2P5,0.6227414116369916
TCGA-BH-A0HY,0.6239249600852523
TCGA-E9-A245,0.6314714678292669
TCGA-B6-A0RE,0.631636669548681
TCGA-A8-A08O,0.631913395098773
TCGA-AR-A24N,0.6363160333792588
TCGA-AN-A04A,0.6409585609800367
TCGA-D8-A1X6,0.6439853706652015
TCGA-AR-A0U2,0.6442309547099027
TCGA-D8-A1XA,0.6475359650523134
TCGA-A8-A09N,0.6488627376948534
TCGA-E2-A1IU,0.6509606538260855
TCGA-A8-A086,0.6609717731645941
TCGA-C8-A273,0.661406688124143
TCGA-BH-A0W3,0.6653202200505169
TCGA-LQ-A4E4,0.6658849018749201
TCGA-A7-A0CH,0.6702628563243892
TCGA-E2-A14V,0.6717474764155021
TCGA-D8-A13Y,0.677277023441447
TCGA-AN-A0XT,0.681298936120633
TCGA-A1-A0SJ,0.6834283450813159
TCGA-5T-A9QA,0.6849598836143211
TCGA-E9-A1RH,0.6878076624549421
TCGA-A8-A07Z,0.6881923875080636
TCGA-AN-A0FL,0.6932081101514198
TCGA-E2-A15G,0.6937875592148728
TCGA-A2-A0YF,0.697183266671182
TCGA-A7-A0D9,0.6985190646023006
TCGA-AN-A03Y,0.7016663112083715
TCGA-Z7-A8R6,0.7039414741007788
TCGA-AC-A3EH,0.7182944341418805
TCGA-BH-A0BT,0.7197590348727207
TCGA-B6-A0RG,0.7209099745371579
TCGA-BH-A0B8,0.7255543981664764
TCGA-B6-A0X5,0.7257524214400453
TCGA-A8-A079,0.7265136424655595
TCGA-E2-A154,0.7295647019603833
TCGA-B6-A1KF,0.7333226328295647
TCGA-A1-A0SP,0.7334088563931043
TCGA-A7-A3J0,0.7348759202115817
TCGA-C8-A12X,0.7369468967629008
TCGA-E2-A14Q,0.7386497529395705
TCGA-3C-AAAU,0.7401102328215984
TCGA-A2-A0D1,0.7408135626272896
TCGA-BH-A0DD,0.7432817228898484
TCGA-AN-A0AR,0.7457087308654555
TCGA-B6-A1KN,0.7461095598341787
TCGA-B6-A0WZ,0.7472528496872772
TCGA-AC-A2BK,0.7476916869314275
TCGA-EW-A1PH,0.7506940784266836
TCGA-BH-A0DO,0.7533735678162946
TCGA-BH-A0E2,0.7572328328053027
TCGA-BH-A0HO,0.7577286590042428
TCGA-A8-A0A2,0.7585769910694794
TCGA-AC-A62X,0.7611765380022532
TCGA-E9-A244,0.7612056577813876
TCGA-BH-A18J,0.761347781796494
TCGA-A8-A09B,0.7617656511819896
TCGA-A7-A13F,0.7627589074909407
TCGA-A8-A081,0.7633233161163242
TCGA-A8-A07P,0.7646898254827703
TCGA-EW-A1PA,0.7665033445849517
TCGA-AC-A2BM,0.7741328323545935
TCGA-A8-A06O,0.776528207474305
TCGA-EW-A1OY,0.7772861351215937
TCGA-A7-A4SB,0.7849465469234355
TCGA-A2-A0CT,0.7864338561461178
TCGA-S3-AA11,0.7876884906679509
TCGA-BH-A1FL,0.7922155446872161
TCGA-BH-A0H9,0.7954500732443665
TCGA-D8-A27P,0.7990642264614266
TCGA-C8-A274,0.8005448341294914
TCGA-BH-A1FD,0.8025778672875595
TCGA-GM-A3NW,0.8112618330093466
TCGA-A7-A13D,0.8162728233897527
TCGA-E2-A1L6,0.8195413150153139
TCGA-E2-A14S,0.8240696072848069
TCGA-BH-A6R8,0.826994836995804
TCGA-AC-A4ZE,0.832508061652802
TCGA-E2-A15J,0.8361735861273637
TCGA-OL-A5D8,0.8365758964935264
TCGA-AN-A0G0,0.8403666397027458
TCGA-A2-A3KD,0.848692370642867
TCGA-E2-A14Y,0.8522334050452741
TCGA-E2-A15L,0.8583266667962027
TCGA-A2-A25E,0.8584045654269431
TCGA-BH-A0W4,0.8612858227805283
TCGA-A1-A0SQ,0.8637664656866614
TCGA-A7-A26J,0.8647219825322094
TCGA-A8-A08S,0.8704216914925499
TCGA-AO-A1KS,0.8725897568047148
TCGA-E9-A5UO,0.8740969596598012
TCGA-AN-A0FW,0.876338370223616
TCGA-BH-A18L,0.8769605460593307
TCGA-B6-A0WW,0.8778457898668167
TCGA-A2-A4S0,0.8791744997215359
TCGA-A2-A0EU,0.881490990423802
TCGA-B6-A0X4,0.8911324270666456
TCGA-LL-A442,0.8927031776183203
TCGA-A7-A6VX,0.8956633919170651
TCGA-AO-A124,0.9007808696912418
TCGA-D8-A1XV,0.9013096578375751
TCGA-BH-A1F5,0.9028345110577086
TCGA-A1-A0SO,0.9128749757049511
TCGA-AN-A0FY,0.9156979613312783
TCGA-C8-A12M,0.9196959823953054
TCGA-AN-A04D,0.9315533440167691
TCGA-E2-A14T,0.9336691594201788
TCGA-EW-A1J1,0.9403313867899256
TCGA-AR-A0TV,0.945459624206515
TCGA-EW-A1PC,0.9455953564645228
TCGA-D8-A1JI,0.9508037668657289
TCGA-A8-A093,0.9557135131305412
TCGA-E2-A10A,0.9567489598681416
TCGA-D8-A1XG,0.9568983951158289
TCGA-A8-A084,0.9594946563944889
TCGA-BH-A0HI,0.9608497573000209
TCGA-BH-A18N,0.9627187015985168
TCGA-A8-A092,0.9628511242143168
TCGA-B6-A0WV,0.9708779073075144
TCGA-A8-A09C,0.9723234013507747
TCGA-E2-A15P,0.9734894223472311
TCGA-A2-A0YT,0.9761494251668613
TCGA-AO-A03P,0.9766775504855986
TCGA-A8-A0A9,0.9780769973231109
TCGA-A8-A09K,0.9846641018783169
TCGA-D8-A1XC,0.9856752405151685
TCGA-A8-A08G,0.9943826710509734
TCGA-A8-A06Y,0.998247812116307
TCGA-AR-A1AH,1.0093747854697401
TCGA-A7-A0CJ,1.0114436389866635
TCGA-AN-A0AT,1.0291159279408708
TCGA-E2-A15F,1.0297036448079384
TCGA-A2-A1FV,1.0297573622254366
TCGA-AR-A0TZ,1.0411647418067498
TCGA-A2-A0ET,1.0463574199911287
TCGA-S3-AA12,1.0483685180128348
TCGA-E2-A107,1.0492659579381511
TCGA-D8-A1X7,1.0520889925967494
TCGA-BH-A0E1,1.0603773892959218
TCGA-A7-A13G,1.0620405919610971
TCGA-A2-A0YE,1.0792591485507281
TCGA-D8-A143,1.0856726484710721
TCGA-AR-A1AV,1.0903827824710628
TCGA-A8-A07S,1.091832843819306
TCGA-AO-A12B,1.0919101117806957
TCGA-D8-A27E,1.0936325757895455
TCGA-BH-A1FM,1.0950697781817758
TCGA-AO-A12F,1.0972530540811445
TCGA-S3-A6ZH,1.0992378057539216
TCGA-A7-A0CD,1.1045142678791298
TCGA-AO-A03V,1.1110723849526547
TCGA-E2-A109,1.111885388265136
TCGA-EW-A1OX,1.1134219778532177
TCGA-B6-A0IO,1.1134262497950465
TCGA-A2-A0CU,1.1196225645494586
TCGA-B6-A0I9,1.125825955313501
TCGA-E9-A2JS,1.1295666993031088
TCGA-A7-A0CE,1.1312983775900172
TCGA-A2-A0YC,1.1388841580859632
TCGA-B6-A0IG,1.1500624423243841
TCGA-A8-A06T,1.151220857485738
TCGA-A8-A06Q,1.1530482295878777
TCGA-A8-A091,1.156781160295542
TCGA-A8-A085,1.158855459370745
TCGA-BH-A0B1,1.1611776727171121
TCGA-D8-A1XR,1.1639914026729958
TCGA-C8-A1HN,1.1653609196756725
TCGA-BH-A18S,1.170255440986327
TCGA-D8-A3Z6,1.1727629493087035
TCGA-JL-A3YX,1.1733210949373971
TCGA-AR-A24H,1.1737954723566333
TCGA-E9-A22G,1.1898338803379886
TCGA-BH-A0E7,1.1903742333187295
TCGA-E9-A1RD,1.193169979324406
TCGA-A8-A099,1.2000211910769998
TCGA-A2-A1FW,1.201704731444334
TCGA-AO-A12H,1.203673615778125
TCGA-AO-A0JD,1.2049013151382735
TCGA-AR-A2LK,1.2139807549586947
TCGA-AR-A24K,1.2146645440513932
TCGA-OL-A6VR,1.220284755731886
TCGA-D8-A1XF,1.2265412515635363
TCGA-AO-A0J7,1.228643637930225
TCGA-E9-A1R6,1.2363902622310616
TCGA-B6-A0RM,1.244688607334567
TCGA-AN-A0FK,1.2520978943422088
TCGA-A2-A04R,1.2631673388002167
TCGA-E2-A105,1.2692235876706421
TCGA-A8-A07R,1.2794279661427568
TCGA-A8-A09E,1.29159382533017
TCGA-BH-A0H0,1.295627325902552
TCGA-A8-A0AB,1.2982654279146617
TCGA-E9-A228,1.3029050977807133
TCGA-E2-A106,1.3094101291352922
TCGA-A2-A0T3,1.3370013718879898
TCGA-E9-A1R7,1.3380525424451433
TCGA-C8-A27A,1.3482729972330407
TCGA-EW-A2FW,1.35446372138104
TCGA-E9-A1N3,1.3588709760211282
TCGA-AN-A0XO,1.3711675253446596
TCGA-BH-A1FJ,1.3825983592425333
TCGA-B6-A1KC,1.3847079795675195
TCGA-A2-A1G4,1.388328565071595
TCGA-C8-A1HI,1.3979970053841417
TCGA-BH-A1FG,1.4399400295591294
TCGA-B6-A0IM,1.4421576158819323
TCGA-D8-A27W,1.4772420122163983
TCGA-E9-A247,1.4830043616427646
TCGA-AN-A0FZ,1.4889559127596592
TCGA-A7-A3IZ,1.502181708173015
TCGA-BH-A1F8,1.5071739231553813
TCGA-BH-A0HL,1.5141208465685212
TCGA-B6-A1KI,1.521208755769644
TCGA-AO-A0JI,1.5309856853073451
TCGA-C8-A3M8,1.5370430923662328
TCGA-E2-A155,1.567283960250025
TCGA-A8-A083,1.57050600118533
TCGA-C8-A133,1.5716097085005647
TCGA-B6-A0IB,1.5984888441071652
TCGA-E2-A10E,1.6019730695241496
TCGA-AQ-A04H,1.6062579061758167
TCGA-E2-A15S,1.6068492412242248
TCGA-AN-A0XP,1.6106239242545948
TCGA-AC-A2FM,1.6264523977437628
TCGA-C8-A26Z,1.6384435173597827
TCGA-E2-A1IE,1.6446125613310598
TCGA-BH-A18T,1.6513940530774691
TCGA-AR-A0TR,1.65177682464636
TCGA-C8-A1HO,1.665681393803262
TCGA-BH-A0BS,1.6850807609335112
TCGA-E9-A1RE,1.6979416810509742
TCGA-A8-A06Z,1.7211033968885663
TCGA-A2-A0D4,1.7350002940082876
TCGA-E9-A22H,1.7376666561012695
TCGA-C8-A1HE,1.7377576273492672
TCGA-E9-A1RC,1.7769235481333168
TCGA-A7-A3RF,1.7954529600440257
TCGA-AC-A7VB,1.8427364606908014
TCGA-AQ-A1H2,1.846357245055536
TCGA-D8-A1JS,1.8795421470298734
TCGA-EW-A6SA,1.9018113076390644
TCGA-E2-A15T,1.9388747448014598
TCGA-BH-A204,1.9618038474238666
TCGA-B6-A0RH,1.9657962600253787
TCGA-B6-A0RL,2.007534237932773
TCGA-B6-A0IC,2.027686632300733
TCGA-B6-A0RO,2.119016406403382
TCGA-AO-A0J3,2.1245402251055814
TCGA-A1-A0SK,2.160491002937481
TCGA-AR-A24Z,2.205324376278206
TCGA-BH-A0HW,2.2353255151017595
TCGA-E2-A15R,2.254197745314497
TCGA-A2-A0ER,2.3897113652676443
TCGA-A8-A06N,3.018095753219467
TCGA-D8-A1JM,3.08850331501396
