,Cosine-Similarity
AAACAAGTATCTCCCA-1,-0.1451796901375301
AAACACCAATAACTGC-1,-0.5881881108306999
AAACAGAGCGACTCCT-1,-0.6833786363158715
AAACAGCTTTCAGAAG-1,-0.7942893757232181
AAACAGGGTCTATATT-1,-0.749477312272646
AAACCGGGTAGGTACC-1,-0.7708576704747416
AAACCGTTCGTCCAGG-1,-0.683760310644546
AAACCTAAGCAGCCGG-1,-0.5574014151754045
AAACCTCATGAAGTTG-1,-0.518227619657549
AAACGAGACGGTTGAT-1,-0.7295906788962614
AAACGGTTGCGAACTG-1,-0.14534562961040126
AAACTCGGTTCGCAAT-1,-0.2084388897698753
AAACTGCTGGCTCCAA-1,-0.18466418646603205
AAACTTGCAAACGTAT-1,-0.7989137132731006
AAAGACCCAAGTCGCG-1,-0.6156789414843112
AAAGACTGGGCGCTTT-1,-0.7970145236270528
AAAGGCTACGGACCAT-1,-0.2815017117371516
AAAGGGATGTAGCAAG-1,-0.7156910391741882
AAAGGGCAGCTTGAAT-1,-0.6469516392964463
AAAGTAGCATTGCTCA-1,-0.506511787511366
AAAGTCACTGATGTAA-1,-0.7731999369652413
AAAGTCGACCCTCAGT-1,-0.6795033335682045
AAAGTGTGATTTATCT-1,-0.3354944543914422
AAAGTTGACTCCCGTA-1,-0.3989141163776549
AAATAACCATACGGGA-1,-0.19228933751367072
AAATACCTATAAGCAT-1,-0.19147229041088973
AAATCCGATACACGCC-1,-0.7839033851560301
AAATCGTGTACCACAA-1,-0.19190012460643804
AAATCTAGCCCTGCTA-1,-0.305509487593862
AAATGCTCGTTACGTT-1,-0.6983899702688476
AAATGGCATGTCTTGT-1,-0.22950396607494672
AAATGGCCCGTGCCCT-1,-0.665524886062122
AAATGGTCAATGTGCC-1,-0.34823711367902976
AAATTAACGGGTAGCT-1,-0.3663400263623477
AAATTACACGACTCTG-1,-0.27910058214584565
AAATTACCTATCGATG-1,-0.7623790832166478
AAATTGATAGTCCTTT-1,-0.6644995924975222
AAATTTGCGGGTGTGG-1,-0.7981100500044855
AACAACTGGTAGTTGC-1,-0.7558924636346674
AACAATACATTGTCGA-1,-0.35899410758932143
AACAATTACTCTACGC-1,-0.7466439835127274
AACACACGCTCGCCGC-1,-0.3963075690796118
AACACGACTGTACTGA-1,-0.6484731345349144
AACACGAGACGCGGCC-1,-0.7978817808512733
AACAGCTGTGTGGCAA-1,-0.41261364419252
AACAGGAAATCGAATA-1,-0.1284104979757023
AACAGGATGGGCCGCG-1,-0.6278242907567463
AACAGGTAGTATGGAT-1,-0.6415926210412205
AACATATCAACTGGTG-1,-0.5239792418762832
AACATTGTGACTCGAG-1,-0.5879913622643975
AACCAAGACTTCTCTG-1,-0.7896334071624246
AACCATGGGATCGCTA-1,-0.28770299369685437
AACCCAGAGACGGAGA-1,-0.7731904953034601
AACCCGACAACCCGTG-1,-0.6377347155773956
AACCCTACTGTCAATA-1,-0.7102025072933124
AACCCTGGTGGAACCA-1,-0.6843808637744023
AACCGAGCTTGGTCAT-1,-0.6108508010616238
AACCGCTAAGGGATGC-1,-0.3243884843740943
AACCGTTGTGTTTGCT-1,-0.5867482412951355
AACCTCGCTTTAGCCC-1,-0.7505217323673825
AACCTTTAAATACGGT-1,-0.7384857587514166
AACCTTTACGACGTCT-1,-0.16474156895227182
AACGATAATGCCGTAG-1,-0.4394520373829992
AACGATAGAAGGGCCG-1,-0.5864135510399836
AACGATATGTCAACTG-1,-0.5311973445928844
AACGCATGATCTGGGT-1,-0.6877301379271834
AACGCGACCTTGGGCG-1,-0.33071734171612793
AACGCGGTCTCCAGCC-1,-0.6566245469600855
AACGCTGTTGCTGAAA-1,-0.5438215325847653
AACGGACGTACGTATA-1,-0.6334211747990821
AACGGCCATCTCCGGT-1,-0.6909839100470121
AACGTACTGTGGGTAC-1,-0.6933130503291117
AACGTCAGACTAGTGG-1,-0.6169137226433943
AACGTGATGAAGGACA-1,-0.6882202600690003
AACGTGCGAAAGTCTC-1,-0.5402038754584946
AACTACCCGTTTGTCA-1,-0.021820133075900364
AACTAGGCTTGGGTGT-1,-0.7764545910421712
AACTCAAGTTAATTGC-1,-0.20118777124233847
AACTCCAGAGCGTGTT-1,-0.8079643709637291
AACTCTCAATAGAGCG-1,-0.20943672015677714
AACTCTCAGTGTGCTC-1,-0.6662165600688471
AACTGATATTAGGCCT-1,-0.24708298387467992
AACTGGGTCCCGACGT-1,-0.20735612921716418
AACTTGCCCGTATGCA-1,-0.7334256897905983
AAGACCCAACTGAACA-1,-0.37866927901072095
AAGACTGCAAGCTACT-1,-0.3088633477868264
AAGAGATGAATCGGTA-1,-0.458621293000735
AAGAGCTCTTTATCGG-1,-0.6944308021376585
AAGAGGATGTACGCGA-1,-0.24439642596890346
AAGAGGCATGGATCGC-1,-0.5520868826617154
AAGATTGGCGGAACGT-1,-0.7064751309570249
AAGCACCCTGCGTATC-1,-0.4795304531924336
AAGCATACTCTCCTGA-1,-0.7098695681205144
AAGCCGAAGCGGTTTA-1,-0.6798582357565548
AAGCGCAGGGCTTTGA-1,-0.7954122456808674
AAGCGTCCCTCATCGA-1,-0.7660975599632046
AAGCTAGATCGAGTAA-1,-0.7702897724229408
AAGCTCGTGCCAAGTC-1,-0.6017044081204679
AAGCTCTTTCATGGTG-1,-0.5631305976882769
AAGGAGCGGTTGGTGC-1,-0.7777080383340106
AAGGATCGATCGCTTG-1,-0.2796518770445681
AAGGATGAGGGACCTC-1,-0.7927940145036222
AAGGCGCGTAAAGCTT-1,-0.7004767833352459
AAGGCTGTGCTCATCG-1,-0.3543116974852916
AAGGGACAGATTCTGT-1,-0.7589911862978729
AAGGGACTATGCATTC-1,-0.43140380715837406
AAGGTATCCTAATATA-1,-0.14366194146099054
AAGGTGATAAACCAGC-1,-0.27986090205815284
AAGTAGAAGACCGGGT-1,-0.7410072722555827
AAGTAGTGACGCGAGG-1,-0.5316030335221977
AAGTCAATTGTCGTCA-1,-0.5974853204570558
AAGTGACGACCGAATT-1,-0.8095672379774773
AAGTGAGTCGGGTTTA-1,-0.36115842360181316
AAGTGCCTTGACTGTA-1,-0.7154115200797498
AAGTGCGTTAGAATCT-1,-0.7957169359867603
AAGTGTTTGGAGACGG-1,-0.6770407665515313
AAGTTCACTCCAAGCT-1,-0.4920280751245002
AAGTTCAGTCTGCGTA-1,-0.7952875901883404
AAGTTCGGCCAACAGG-1,-0.6171890298453591
AAGTTTATGGGCCCAA-1,-0.820532889577827
AATAACAACGCTCGGC-1,-0.19592708542230616
AATAACACTAGAACAA-1,-0.7337576826069299
AATACCGGAGGGCTGT-1,-0.5876912727248025
AATAGAACAGAGTGGC-1,-0.7201952627070463
AATAGAATCTGTTTCA-1,-0.31320963480387076
AATATCAAGGTCGGAT-1,-0.5887541906331148
AATATCGAATCAATGC-1,-0.7892148226028745
AATATCGAGGGTTCTC-1,-0.6607461551498237
AATATTGGAGTATTGA-1,-0.7668799075745938
AATCATGTAAAGACTC-1,-0.3319977357021794
AATCCAAGGGCCTGAG-1,-0.4483584643078507
AATCGCCTCAGCGCCA-1,-0.7099783636536462
AATCGCGCAGAGGACT-1,-0.1050893229975318
AATCGGGACACTACGA-1,-0.5659946354109818
AATCGTGAGCCGAGCA-1,-0.5232400342142097
AATCTAGGTTTACTTG-1,-0.6600888022357119
AATCTATGCCGGAGCC-1,-0.726725234139785
AATCTCTACTGTGGTT-1,-0.7709033213461794
AATCTGCGTTGGGACG-1,-0.29414240898780086
AATCTGGCTTTCTAGT-1,-0.799176977597004
AATGACAGCAATGTCT-1,-0.7952882520631346
AATGACGTAGGATGTC-1,-0.5371738554987748
AATGACTGTCAGCCGG-1,-0.6332885590763176
AATGATGATACGCTAT-1,-0.7440744784561837
AATGATGCGACTCCTG-1,-0.7434468895304955
AATGCAACCGGGTACC-1,-0.7252967359305161
AATGCACCAAGCAATG-1,-0.7833936256229672
AATGGTCCACCGTTCA-1,-0.4915290352880969
AATGGTTCTCACAAGC-1,-0.06751387685691915
AATGTGCCCGAGGTGT-1,-0.31232797459086875
AATTAAAGGTCGGCGT-1,-0.3600008042294392
AATTAGCGCTGCAGCG-1,-0.7960838004343596
AATTCATAAGGGATCT-1,-0.6130044993096639
AATTCCAAGCATGTAC-1,-0.22697913924332752
AATTCGATTCGAGGAT-1,-0.8069038566820502
AATTCTAGAGTTAGGC-1,-0.1994733924697239
AATTGAACGCTCTGGT-1,-0.36101601861412624
AATTTGGGACATAGTA-1,-0.3400129002090029
AATTTGGTTCCAAAGA-1,-0.2779182200311041
ACAAATCGCACCGAAT-1,-0.36027010320265984
ACAAATGGTAGTGTTT-1,-0.4210113337300987
ACAACAGCATGAGCTA-1,-0.7133611966654375
ACAACGGTCCCTGCGA-1,-0.6813439852536612
ACAAGCAGTGCCTAGC-1,-0.719186278802712
ACAAGGAAATCCGCCC-1,-0.7261511074890602
ACAAGGACAAGAGGTT-1,-0.6615282837981931
ACAAGGATGCTTTAGG-1,-0.691332895137442
ACAAGGGCAGGCTCTG-1,-0.6555611869149369
ACAATAGTCGTACGTT-1,-0.800669877296318
ACAATCCATTTAAACC-1,-0.1383231553176253
ACAATGAATACGGAGA-1,-0.3224050637042058
ACAATTGTGTCTCTTT-1,-0.3888469493486587
ACAATTTGAGCAGTGG-1,-0.6758201825605287
ACACAAAGACGGGTGG-1,-0.7465958704999546
ACACACCAGGACCAGT-1,-0.3399591222303649
ACACACTTTCTACACG-1,-0.18940148480088084
ACACCCAGCATGCAGC-1,-0.673075550343985
ACACCCGAGAAATCCG-1,-0.08023791173501557
ACACCTTAAGTAGGGC-1,-0.6600955156142737
ACACCTTACTACTTGC-1,-0.08487357221334124
ACACGAGACTCCTTCT-1,-0.6635055059728214
ACACGGGAACTTAGGG-1,-0.6200887897696242
ACACTGATCAAGGTGT-1,-0.7211332114946076
ACAGAACTGAGAACAA-1,-0.7325761989406434
ACAGATTAGGTTAGTG-1,-0.6265164424722575
ACAGCATAGAGCCAGT-1,-0.7119498168816144
ACAGCGACATTCTCAT-1,-0.7967932221850385
ACAGCGCACCCGCAGC-1,-0.6979818251951921
ACAGGTGGAGGTGAGG-1,-0.6365708994811735
ACAGTAATACAACTTG-1,-0.7814209967641949
ACATAATAAGGCGGTG-1,-0.10835093677533998
ACATCAGCTGGGACGC-1,-0.5040960111865354
ACATCCCGGCCATACG-1,-0.4211840167643773
ACATCCTGGTAACTGT-1,-0.7447606187195513
ACATCGATCGTTTACC-1,-0.7687737629418122
ACATCGGTCAGCCGCG-1,-0.4845281535464979
ACATCGTATGCAATGG-1,-0.65685458261034
ACATCGTTAACCTAGT-1,-0.4974658345672191
ACATGGCGCCAAAGTA-1,-0.09886919790467248
ACATTAGTTTATATCC-1,-0.7759618804184785
ACCAACGCTTATTTAT-1,-0.7487663290667708
ACCAAGAACGCGTGTC-1,-0.3426391891182448
ACCAATATGCAAGTTA-1,-0.6057470966191222
ACCACAAGTTTCTATC-1,-0.21066514182729568
ACCACCAATGTAACAA-1,-0.4948307824247676
ACCACGTGCAGCTATA-1,-0.6352379616886638
ACCAGTGCGGGAGACG-1,-0.4201284658547522
ACCATATCCGCAATAA-1,-0.3093710184931519
ACCATCCGCCAACTAG-1,-0.8003652199550007
ACCATCGTATATGGTA-1,-0.1608028571339051
ACCCAACGCCCGTGGC-1,-0.1698532072367352
ACCCACCTACATGCTC-1,-0.6694153444686777
ACCCATTTGTCCCTCT-1,-0.7563477071762312
ACCCGAGCGAAATTAC-1,-0.5231822781825707
ACCCGGAAACTCCCAG-1,-0.30231566929653647
ACCCGGATGACGCATC-1,-0.06152111557258043
ACCCGGTTACACTTCC-1,-0.28402870588215
ACCCGTGTCATCAGTA-1,-0.4505398455196477
ACCCTCCCTTGCTATT-1,-0.5451276486377412
ACCCTTCATCTGCGAA-1,-0.15369121282457832
ACCGAAAGGGCCCTGC-1,-0.7714711360107037
ACCGACTGAGTCCCAC-1,-0.7384650515389639
ACCGATGGTAGCATCG-1,-0.7838867591282337
ACCGCGGTGGAAGTCG-1,-0.11945109873498698
ACCGGGCCTTTGTTGA-1,-0.5183138897944408
ACCTAAGTACCTTTCA-1,-0.7754158242915921
ACCTAATCGACTTCCT-1,-0.7465534156060906
ACCTACAGTATGTGGT-1,-0.07158740580067513
ACCTACTATAAATCTA-1,-0.7761052038489223
ACCTCCGTTATTCACC-1,-0.7607764078654295
ACCTGCGTGTCATGTT-1,-0.7602062963854382
ACGAAATGGGCGGCAC-1,-0.7897961366281098
ACGACTGGTCATACTC-1,-0.6452825072682898
ACGAGATATTTGCTTA-1,-0.7652145263213314
ACGAGGATACCACTCT-1,-0.7202814081705519
ACGAGTACGGATGCCC-1,-0.6803431033388337
ACGATACATAGAACTA-1,-0.17576530208990562
ACGATCATACATAGAG-1,-0.6642101461286881
ACGATCATCTTGTAAA-1,-0.17969740909993195
ACGATGCATATGTTAT-1,-0.1381530117312145
ACGATGGATCCGATGC-1,-0.3624006857635591
ACGCAATCACTACAGC-1,-0.7035614421215655
ACGCATACGTTTACTA-1,-0.26649825445806163
ACGCATTCGTGAGTAC-1,-0.22632709155927822
ACGCCAGATGATTTCT-1,-0.24048565148986314
ACGCCGCTAGACGACC-1,-0.3405426661509408
ACGCGAAGTCAGACGA-1,-0.6883182216182754
ACGCGCTACACAGGGT-1,-0.364516860014586
ACGCGGGCCAAGGACA-1,-0.17581246647248377
ACGCTAGTGATACACT-1,-0.3649524083910606
ACGCTGTGAGGCGTAG-1,-0.8058077725482791
ACGGAATTTAGCAAAT-1,-0.5260976283759585
ACGGACTCTCAAAGCG-1,-0.18596351272448583
ACGGATGGTGCGGATA-1,-0.5156106997070952
ACGGCACTTGCTTGGG-1,-0.7452273135091764
ACGGCCAACATGGACT-1,-0.7339399671123507
ACGGCGACGATGGGAA-1,-0.7877797998814133
ACGGGAGTGTCGGCCC-1,-0.6796585572040119
ACGTACAGATTTCTCT-1,-0.5841460779695022
ACGTAGATTGCTGATG-1,-0.3203526024999734
ACGTATTACTCCGATC-1,-0.8146878187690341
ACGTGCGCCTCGTGCA-1,-0.1560257878336427
ACGTTAATGTCGAAGA-1,-0.6994531618630233
ACGTTAGATTTGCCCG-1,-0.5618216967035857
ACGTTCCGCGCTCCGT-1,-0.6661463610196451
ACGTTCGCAATCAATT-1,-0.5758737778180761
ACGTTCGTTCAGGAAA-1,-0.39400686047881783
ACGTTTAGTTGTGATC-1,-0.1878211845927781
ACTACCAGCTCTCTGG-1,-0.6467952599427852
ACTACGCGTTAGAATT-1,-0.35918668757340044
ACTAGTTGCGATCGTC-1,-0.19352915206923568
ACTATTCGTCCGTGGT-1,-0.2565696562309425
ACTATTTCCGGGCCCA-1,-0.38890749905905947
ACTCAAGTGCAAGGCT-1,-0.7791943654009341
ACTCAATAAAGGCACG-1,-0.6453238525541838
ACTCAGACCTGCTTCT-1,-0.7854472683059778
ACTCCAATATCATCAT-1,-0.6315493382959814
ACTCCCATTCCTAAAG-1,-0.7805597589060146
ACTCCCGAATTCGTTT-1,-0.23655689470704044
ACTCCCTAATGCTAAA-1,-0.2905218182686749
ACTCCCTAGAATAGTA-1,-0.18663108433664663
ACTCGTAACCCGTCCT-1,-0.7761316348722674
ACTCGTCAGTAATCCC-1,-0.6881810560663024
ACTCTCTGACTTAGGT-1,-0.29122301238762127
ACTCTTGTATAGTAAC-1,-0.3441932329052896
ACTGAAACGCCGTTAG-1,-0.7863248972994106
ACTGAATGGCGAAAGT-1,-0.4398083987871074
ACTGCCGTCGTAACTC-1,-0.14099586823718824
ACTGTACGATACACAT-1,-0.5826439147134291
ACTGTAGCACTTTGGA-1,-0.6691492752509237
ACTGTATACGCGAGCA-1,-0.4616008817653381
ACTGTCCAGGATTATA-1,-0.21260611106431948
ACTGTCTTCTTTAGAA-1,-0.23872211507398972
ACTGTGCTAGTAGATC-1,-0.12327527297631176
ACTTAGTACGACAAGA-1,-0.16281161852127082
ACTTATACTTACCCGG-1,-0.5588604003303433
ACTTATTAGGATCGGT-1,-0.32923635794055195
ACTTATTTATGTGCCA-1,-0.35648345258887454
ACTTCCATGCGGGACA-1,-0.6475136704883444
ACTTCGCCATACGCAC-1,-0.6152107310637891
ACTTGACTCCCTCTTT-1,-0.5022644731622373
ACTTGGGACCCGGTGG-1,-0.19726811563562646
ACTTGTAGTCCCTTCA-1,-0.786895346961798
ACTTGTGGATGGAACG-1,-0.19112865848980637
ACTTTACCCTCATGAA-1,-0.6383160660561102
ACTTTCCTATAGCTTC-1,-0.7022112060133207
ACTTTGACTGCATCCT-1,-0.7942142927174723
AGAACGTGGTACATTC-1,-0.6668666785131119
AGAAGAGCGCCGTTCC-1,-0.5278880420510575
AGAAGGTACACTTCAC-1,-0.685717280876884
AGAAGGTTGCCGAATT-1,-0.48092247785722086
AGAAGGTTGTAGGTCG-1,-0.25760869726848656
AGAAGTGATTCGTGAT-1,-0.7075274704193645
AGAATAAATCTTCAGG-1,-0.7337327105392218
AGAATTATGGATTCGA-1,-0.2633072458420711
AGAATTGTTTGACATA-1,-0.6633716753149431
AGACCATGGGATACAA-1,-0.6710050211561893
AGACCCACCGCTGATC-1,-0.2031229347680901
AGACCCGCCCTCCTCG-1,-0.7190236958092596
AGACCGGGAAACCCTG-1,-0.8070902059846482
AGACGAAGTGCCGGTC-1,-0.3268452427836522
AGACGACGATGCCGCT-1,-0.4883784428760918
AGACTAGCCTTCCAGA-1,-0.7650571583948335
AGACTGTTACCGGGTC-1,-0.34987502517914854
AGAGAACCGTCTAGGA-1,-0.7161868181168942
AGAGAAGGAGTACAAT-1,-0.5896102911535938
AGAGATCTCTAAAGCG-1,-0.8061686762230836
AGAGCAGTTATGAGAC-1,-0.5112880348373096
AGAGCGGGCTAATCAT-1,-0.1282608502377147
AGAGCGTACAAGCTCG-1,-0.5229364967047636
AGAGGCTTCGGAAACC-1,-0.1720899760965838
AGAGTAAACTTCACTA-1,-0.7604920856366382
AGATAACTTCAGGGCC-1,-0.4998206278111882
AGATACGACTTCATAT-1,-0.4312243366380778
AGATACTCAAGATCGA-1,-0.522359380281914
AGATATAATACGACTA-1,-0.14132707324704114
AGATCGTGCATAAGAT-1,-0.7458014146652022
AGATCTCAGGTGTGAT-1,-0.6378422717005411
AGATGACTCGCCCACG-1,-0.4450319302920805
AGATGATGGAGTCTGG-1,-0.3571810320660715
AGATGCAAGACGTGCA-1,-0.6338675126842458
AGATTATAGGACGTTT-1,-0.18502968928046915
AGATTCACAACCGATA-1,-0.6380439430805589
AGCAAAGGCCGCTAGT-1,-0.17726061060930062
AGCAACATATCTTATT-1,-0.5808116965349465
AGCAACCGAAAGTAAT-1,-0.7861209892879666
AGCACCAGTACTCACG-1,-0.5360589728495011
AGCACTACCGGCCTGT-1,-0.38858849157660574
AGCACTACCTCACCAG-1,-0.6215927364260944
AGCACTTAAGGACGCC-1,-0.7710962435152321
AGCAGAAGGAGAAAGA-1,-0.15423512687433233
AGCATATCAATATGCT-1,-0.44195061832747023
AGCATCATTTCGAAAG-1,-0.7718397452019363
AGCATCGTCGATAATT-1,-0.7378338848020258
AGCCAAGCTTTGTGTC-1,-0.3615107369015269
AGCCACAGGTTACCCG-1,-0.4652540662164212
AGCCACTCCCGTGCTT-1,-0.27021295446777316
AGCCCATACATGTAAG-1,-0.8091302816137262
AGCCCGCAACAAGCAG-1,-0.7959728066825663
AGCCCGGTAGCCTGTA-1,-0.4546209368314587
AGCCCTAAGCGAAGTT-1,-0.2049952633835089
AGCCCTTCTAATCCGA-1,-0.7414303343268358
AGCCGTGGCTAAATGT-1,-0.7870392770376851
AGCCTAATACCCACGT-1,-0.794467669087564
AGCGACAGGAACGGTC-1,-0.4201920990169848
AGCGACATCCCATTCA-1,-0.39487586153179893
AGCGACCAACGATATT-1,-0.688958642888174
AGCGCGGGTGCCAATG-1,-0.7486079338116166
AGCGGACACTTCGTAG-1,-0.3259287688095731
AGCGGCGGTTAGCGGT-1,-0.794068990697055
AGCGGGAAGGGTCCAT-1,-0.7423895455368665
AGCGGGTCTGACACTC-1,-0.38012823903037946
AGCGTGGTATTCTACT-1,-0.22409108862167085
AGCTAACAAGCAATGT-1,-0.806701616506343
AGCTAAGTACGCAGGC-1,-0.7185566031117151
AGCTAGAAGCAGAAGT-1,-0.6434102668214339
AGCTATTTAATCCAAC-1,-0.18531482493059365
AGCTCTAGACGTTCCA-1,-0.3610139064034174
AGCTCTTCCCAGTGCA-1,-0.33498195055568025
AGCTCTTTACTCAGTT-1,-0.5863918653590295
AGCTGAAGTAAACCAA-1,-0.13386694684058395
AGCTGTAACCTCAATC-1,-0.30900717798197924
AGCTTGATCTTAACTT-1,-0.7876806931788132
AGGAAGCTGTCCGCCG-1,-0.24407034203733832
AGGACAGTCGAATCCC-1,-0.4341078802429252
AGGACATCGCACGTCG-1,-0.6681058171390183
AGGACGACCCATTAGA-1,-0.23968389558415687
AGGACGCTCGATGTTG-1,-0.699322537270553
AGGAGGCCTTCGCGCG-1,-0.5619465348196961
AGGATAAAGTCGGGAT-1,-0.6834540745621644
AGGATATAGGGATTTA-1,-0.43243418449289056
AGGATCACGCGATCTG-1,-0.7595004851533649
AGGCAGATGCGTAAAC-1,-0.7329757870791639
AGGCAGGGAGCGTACT-1,-0.4461569844962457
AGGCATTGTCGTAGGG-1,-0.7742699471152618
AGGCCACCCGTTATGA-1,-0.6313252780546504
AGGCCCATTGTACAGG-1,-0.7097130419463972
AGGCCCTAGAACGCCA-1,-0.7996384873715435
AGGCCTGAGAATCTCG-1,-0.7565301617937106
AGGCTATGGTTAGCTT-1,-0.6663722019183721
AGGCTTCCCGAAGAAG-1,-0.6656069309109671
AGGGAAACGAGGTACT-1,-0.1489405372589313
AGGGACCGGCTGCGTT-1,-0.8111849036633867
AGGGAGACATACTTCG-1,-0.7213990607775801
AGGGCAGCGGCGTGGT-1,-0.5518687077600026
AGGGCGAGCAGCTGAT-1,-0.7689521272130793
AGGGCGTGATCGGCTA-1,-0.19223990534065274
AGGGCTGCAGTTACAG-1,-0.19478277370890093
AGGGTCAGAGCACTCG-1,-0.6949429861561932
AGGGTGCCGTTCTTTA-1,-0.17513667937526428
AGGGTGCTCTCGAGGG-1,-0.12960225840576448
AGGGTGGATAGTGCAT-1,-0.815605199551417
AGGGTTCAGACGGTCC-1,-0.775651000456723
AGGGTTCCCTTTGGTT-1,-0.2877440830535462
AGGGTTTAGTTCGGGA-1,-0.26084327650942307
AGGTAACCTCCTATTC-1,-0.09670627636188056
AGGTACGATATTGCCA-1,-0.23890263592722377
AGGTAGATCGAGATAT-1,-0.755088318607485
AGGTAGGTACAAAGCT-1,-0.13233224881514674
AGGTATAATTGATAGT-1,-0.7573019235765672
AGGTCGCGGAGTTACT-1,-0.6842026596541729
AGGTGGTGACCTTCGC-1,-0.38791495824632016
AGGTGTATCGCCATGA-1,-0.41786293458046775
AGGTTGAGGCACGCTT-1,-0.7282064331031897
AGGTTTCACACACCTT-1,-0.33580722363867593
AGTAATGTCTTGCCGC-1,-0.30821168306007224
AGTACATCATTTATCA-1,-0.7143362278486662
AGTACGGCCCGTATCG-1,-0.6821420994299019
AGTACGGGCACCTGGC-1,-0.14223932013064627
AGTACTCTTATGCCCA-1,-0.756070557246056
AGTAGGAAGGAAGTTG-1,-0.5609736597079377
AGTATAATACTAGGCA-1,-0.5456750745919118
AGTATGCTGGAGACCA-1,-0.30857253163717707
AGTATTTGGCACGACC-1,-0.4347347410168988
AGTCAACACCACCATC-1,-0.1745484161326422
AGTCAAGATGACACTT-1,-0.4528727032606977
AGTCACTAGCTCTCGA-1,-0.49855452234131203
AGTCAGCCACCGCCTG-1,-0.6915329729680755
AGTCCATTGGCTGATG-1,-0.7547085111273686
AGTCCCGCCTTTAATT-1,-0.19842746043942142
AGTCGACGGTCTCAAG-1,-0.5212938405078357
AGTCGGCCCAAACGAC-1,-0.6391940149437048
AGTCGGCTCAACTTTA-1,-0.7547433178240504
AGTCGGTTGCGTGAGA-1,-0.03153488223747929
AGTCGTATAAAGCAGA-1,-0.7346741344947783
AGTCGTCGACCACCAA-1,-0.6640090822507867
AGTCGTGGGCATTACG-1,-0.42805789638375175
AGTCTAAAGTATACTC-1,-0.6109222783659674
AGTCTCACAAGACTAC-1,-0.5359867129824963
AGTCTTCTCCTCAAAT-1,-0.6605927746043373
AGTCTTTAAAGTGTCC-1,-0.7510933673696597
AGTGAACAAACTTCTC-1,-0.5520700127070802
AGTGACCTACTTTACG-1,-0.5487166642366881
AGTGAGACTTCCAGTA-1,-0.6313776614858257
AGTGAGCCTCGCCGCC-1,-0.2458769086482834
AGTGATAACCTGCGCG-1,-0.8113586418119475
AGTGATATGAGTAGTT-1,-0.38601722799749943
AGTGATTCAAGCAGGA-1,-0.11159011303831208
AGTGCACGCTTAAGAA-1,-0.4635070533886522
AGTGCGTAGCTCGTAA-1,-0.21268124215435386
AGTGCTAAACACAGCA-1,-0.7436989527481789
AGTGCTTGCACGAATA-1,-0.29109829439519846
AGTGGCGGCAATTTGA-1,-0.7296689964089372
AGTGGCGTCTGAAGGT-1,-0.5089719167087496
AGTGGCTCCGTCGGCC-1,-0.8041409064937914
AGTGGTGTTACCCGTG-1,-0.7764010354930371
AGTGGTTGCGTATAGG-1,-0.8329224810852687
AGTGTATTGCGCATTG-1,-0.6249997986244624
AGTGTGGTCTATTGTG-1,-0.760529803124408
AGTTAAACACTTGCGA-1,-0.3127175321026058
AGTTAAGCGGTCCCGG-1,-0.37565504947750444
AGTTAAGTCAACCGCT-1,-0.6942507116831174
AGTTACTCTATCGTGG-1,-0.16488803743832248
AGTTCCTACAGAATTA-1,-0.19949093382448255
AGTTCCTATTTATGTT-1,-0.4615032073753582
AGTTGACGGTCCTTGC-1,-0.2535762621952203
AGTTTCGCAGGTCGGA-1,-0.5842436941983133
AGTTTGCACCTGCCTC-1,-0.7327982476150225
AGTTTGGCACGGGTTG-1,-0.6472943829327216
AGTTTGGCCAGACCTA-1,-0.8197576495633844
ATAAACGGACCCGTAA-1,-0.23751093828559106
ATAAAGGCTCGGTCGT-1,-0.3245260215507104
ATAAATATTAGCAGCT-1,-0.6228443159799056
ATAACGCCGGAGGGTC-1,-0.76099253933689
ATAACGGAGTCCAACG-1,-0.6960560138470594
ATAAGGTGGAGAACAT-1,-0.7471641338116338
ATAAGTAGGATTCAGA-1,-0.8076887036264992
ATAAGTTACCGCGACG-1,-0.19877551692338624
ATAATAGCTGTTGAAT-1,-0.16422158801961245
ATAATAGTGTAGGGAC-1,-0.3297585588966359
ATAATCTTGGAGAACC-1,-0.38380651752162354
ATAATTAGCTAAGTAG-1,-0.22134128195012823
ATACAGGCCCTCCAAT-1,-0.6980249512687386
ATACCACGGGCAACTT-1,-0.6635835788131146
ATACCAGGCTAATAGA-1,-0.6922910353326709
ATACGCCGGCGAAACC-1,-0.6977850754040271
ATACGGAACGTCGTTT-1,-0.6526307137883663
ATACGGGTTTCGATTG-1,-0.16665142445273604
ATACGGTGAAGATGCA-1,-0.2557167508386251
ATACGTACTTAGCCAC-1,-0.5686586320340747
ATACGTCCACTCCTGT-1,-0.28734639108711296
ATACTAGCATGACCCT-1,-0.10352752852790448
ATACTGCCTTACACCG-1,-0.6845045386354093
ATACTTGTTCTCGAGC-1,-0.7331700120565412
ATAGACAACGGGACCT-1,-0.37841142397377414
ATAGACGAAGAGAAAG-1,-0.1425589656047368
ATAGAGTACTGGGACA-1,-0.7282892739356119
ATAGAGTTATCAACTT-1,-0.3342954889538179
ATAGGCGGCTATAGAA-1,-0.12047763115805014
ATAGGCTAGCTTCGCA-1,-0.7780676902310437
ATAGGGATATCCTTGA-1,-0.7502867284934762
ATAGGTTGGGCAGATG-1,-0.7424910867249601
ATAGTGAAGCGTTCTC-1,-0.22413528928394758
ATAGTTCCACCCACTC-1,-0.08281739625517631
ATATAAAGCGCTCGTG-1,-0.21917987627403823
ATATAAATGTAGCTGC-1,-0.400158663485842
ATATCGGTAGGGAGAT-1,-0.41767822293359763
ATATCGTTCCTCGAAC-1,-0.7361239759520878
ATATCTCCCTCGTTAA-1,-0.20751728372864933
ATATCTTAGGGCCTTC-1,-0.31518158527307205
ATATGTCTCCCTAGCC-1,-0.39436700505636374
ATATTCAGTTAAACCT-1,-0.12381250648708045
ATATTCCCACAGGTCA-1,-0.7579640627856651
ATATTGCTGTCAAAGT-1,-0.18338625617825333
ATATTTAACCCTCAAG-1,-0.1856839732233174
ATCAAACACTGTTCCA-1,-0.7491604864993232
ATCAAACGAAGGTTTG-1,-0.7137004868067917
ATCAATCTGGGCTGCA-1,-0.29399121005747897
ATCACGTGCTAATTAA-1,-0.20184612262250623
ATCACTTCATCCTCGC-1,-0.6680418168224116
ATCAGACGGCACGCCG-1,-0.13694928705066636
ATCAGCCTCATGCTGC-1,-0.7411745367033311
ATCAGCTCGTCCACTA-1,-0.6723048571028557
ATCAGTAGGCAGGGAT-1,-0.26303029600894073
ATCCAACGCAGTCATA-1,-0.7456245143067094
ATCCAATGGAGGGTCC-1,-0.7933116103279204
ATCCAATGGTACCGAA-1,-0.8077261358119975
ATCCACATCGACAGAA-1,-0.19206527798240977
ATCCAGAGCAACAACC-1,-0.74512751089371
ATCCAGGATTCGTGAA-1,-0.24712393491415813
ATCCTACCTAAGCTCT-1,-0.34719488158198514
ATCCTGAATCGCTGCG-1,-0.8156718547185631
ATCCTGCGTGGAATGG-1,-0.19032039186420865
ATCGACCCAATACAGA-1,-0.6805500806407154
ATCGACTCTTTCCGTT-1,-0.6961779537737236
ATCGCACGCCGGGAGA-1,-0.7895334371170103
ATCGCCAGTCAACATT-1,-0.3121050225716296
ATCGGCAAGCAGTCCA-1,-0.7932598848763018
ATCGGTTACCTAGTAA-1,-0.7400239999850776
ATCGTTAGCTAGCGGA-1,-0.625647926889229
ATCTAATATCCTACGG-1,-0.7650391120802975
ATCTAGCTTGTGAGGG-1,-0.7844530344518724
ATCTCCCTGCAATCTA-1,-0.6800497170760912
ATCTGACATGGAAGGA-1,-0.37939480845161994
ATCTGCACCTCTGCGA-1,-0.36919813733040446
ATCTGCTGTTATCGCC-1,-0.19497887973803404
ATCTGGTTAAGACTGT-1,-0.7173411996309474
ATCTGTAATTGTACCC-1,-0.13337145404483414
ATCTTGACCTGCAACG-1,-0.6028925256213589
ATCTTGACTTGTCCAA-1,-0.7395686056354619
ATGAAGCCAAGGAGCC-1,-0.7607621761180619
ATGACGCCGGCTCTAA-1,-0.3172032335374409
ATGACGCGTTCTATCC-1,-0.38562365758452327
ATGACTATCAGCTGTG-1,-0.2770723066034862
ATGACTATGCGACATT-1,-0.29855365583609433
ATGAGGAGTGTTAATC-1,-0.5822875596450876
ATGATCGGGAATAGAC-1,-0.7129126220527057
ATGATGCAATGGTACA-1,-0.28540452302579333
ATGCACTACCGCATTG-1,-0.7208445240508303
ATGCATGATCCAGGAT-1,-0.54884064661914
ATGCCATTTGCGACCA-1,-0.4048176136333374
ATGCCGGTCTTGCATA-1,-0.6608176254555593
ATGCCGGTTGATGGGA-1,-0.2769725236339611
ATGCGACAGTCCCATT-1,-0.17842024662257824
ATGCGAGTCCCACCAC-1,-0.7270178680787501
ATGCTCAGTGTTGCAT-1,-0.5037011101582376
ATGCTCTGGCGCGGTA-1,-0.6834591838962696
ATGGAGCAGGCCGTGA-1,-0.2530423835863445
ATGGATCCGGCGTCCG-1,-0.1995896860364646
ATGGATTGACCAAACG-1,-0.7038191192033255
ATGGCAGCCGAGAAAC-1,-0.7558479021942791
ATGGGACCTGCTGAAC-1,-0.5921835612089543
ATGGGCCTCGGCCTCT-1,-0.2619252652820705
ATGGTCGCGTGGTTTC-1,-0.3444210532920486
ATGTAAGGCTGCTCTT-1,-0.7070521185649977
ATGTACGATGACGTCG-1,-0.26523349514872124
ATGTAGCGCGCGTAGG-1,-0.8272754153455018
ATGTGCATCCGACGCA-1,-0.6650582806661308
ATGTGGACATCTTGAT-1,-0.18536906346445467
ATGTTACGAGCAATAC-1,-0.48919200752537256
ATGTTCGTCGACCCAC-1,-0.11762849241794536
ATGTTGTAGTCTGTTT-1,-0.478399937335973
ATTAAACATGCGGACC-1,-0.45415047966434735
ATTAATACTACGCGGG-1,-0.7821404220380279
ATTAATGAACCAGTCG-1,-0.2739227618656466
ATTAATTCGGTCACTC-1,-0.1407533431313148
ATTACAACTACCGGCC-1,-0.4118701660273565
ATTACATGTCAGTCTT-1,-0.7693070140069793
ATTACGCGCTGGCAGG-1,-0.27056685134197644
ATTACTAGCCTCTTGC-1,-0.7792930285991893
ATTACTTACTGGGCAT-1,-0.7240599515598022
ATTAGATTCCTCAGCA-1,-0.6111873722510109
ATTAGATTGATAGCGG-1,-0.7732245810298102
ATTAGGCGATGCTTTC-1,-0.35632626731223893
ATTATACTTTGCTCGT-1,-0.25093653702192315
ATTATCGGAATGTACG-1,-0.7904640585936662
ATTATCTCGACAGATC-1,-0.7013832896877216
ATTATGCCATAGGGAG-1,-0.7908435213355409
ATTCAACCATTTAAGG-1,-0.3388136006397381
ATTCACTGATGTTGGA-1,-0.7283684514485076
ATTCAGGACCTATTTC-1,-0.7335212775977379
ATTCAGTAGCAGGGTC-1,-0.668881783133083
ATTCATATACTGTCCA-1,-0.5787935089560114
ATTCATCGTTGAGGCA-1,-0.7913332793518192
ATTCCCACATAAACAA-1,-0.6117606994476552
ATTCCTCCGCCAGTGC-1,-0.08356586227466527
ATTCGACGCCGGGCCT-1,-0.8068420743036963
ATTCGTGCTATCTCTT-1,-0.09939528156041516
ATTGAAGATCTTAGTG-1,-0.2506431527755631
ATTGACGTAACTCGGT-1,-0.673836155391975
ATTGATGAGTCCTAAC-1,-0.22791869609602647
ATTGCCTTTATGTTTG-1,-0.6500334068519588
ATTGCTGCTCCTCCAT-1,-0.37821265497732603
ATTGGATTACAGCGTA-1,-0.2802693432130964
ATTGTACAACTCGGCT-1,-0.19332872753488217
ATTGTCGCAATACCTT-1,-0.2941004583620857
ATTTACAGTTTACTGG-1,-0.6305801747266887
ATTTACTAAGTCCATT-1,-0.7973449787005604
ATTTCATTATTTCGCG-1,-0.3284169640200096
ATTTCCGGGTTCTGCG-1,-0.654542615686804
ATTTGCGCGAGTAGCT-1,-0.7269127114381407
ATTTGTCTTGGGAGCT-1,-0.6273679059389925
ATTTGTTCCAGGGCTC-1,-0.15627296426663295
CAAACGAGTATCGCAG-1,-0.5196109515911209
CAAACGGTCGCACTTT-1,-0.5891508735109668
CAAACTACGATAGAGA-1,-0.2370655872511228
CAAACTATTGAGCTTC-1,-0.6840370981473067
CAAACTCGCGACGCCG-1,-0.10317526368480365
CAAAGATTATTGGGCC-1,-0.5190810118031689
CAAATCTCTCACAAGG-1,-0.7895441533397729
CAAATTGTCAGCAAGC-1,-0.19933518287514715
CAACGACCCGTTTACA-1,-0.7726725915165854
CAACGGTTCTTGATAC-1,-0.31859637182172845
CAACTATATCGAATGC-1,-0.33011808963274997
CAACTCCTTGATCCCG-1,-0.7259307636442588
CAACTGCTCATCCGAT-1,-0.42216753195170803
CAACTTGTAGTGGGCA-1,-0.7119728948248397
CAAGAGGGCGGAGTAC-1,-0.20489714458853805
CAAGATATTATAACGT-1,-0.30966720288953536
CAAGCAACGTCGGAGT-1,-0.0970161872310229
CAAGCACCAAATGCCT-1,-0.12583391843271527
CAAGCGGCACATAATT-1,-0.516722147852081
CAAGGATCGCATGTTC-1,-0.6725331357189718
CAAGGTCCTATAGGCT-1,-0.7079034275136575
CAAGTAAGTGATAGAC-1,-0.749222669644643
CAAGTGTGGTTGCAAA-1,-0.6726925631345441
CAATAAACCTTGGCCC-1,-0.6779620885400285
CAATACGCTCTGAGGC-1,-0.7363946442214
CAATATTCTTGACCTA-1,-0.45075972199839204
CAATCCCTATACCAGC-1,-0.12487883369328298
CAATGCGAGAAGTATC-1,-0.6289171348459428
CAATGGATCTCTACCA-1,-0.3698308650151405
CAATGTGCCAACCCTT-1,-0.2494492376937964
CAATTAAGGGTGATGA-1,-0.6883038767483324
CAATTTCGTATAAGGG-1,-0.4640104763500477
CACAATGAGCTGCTAT-1,-0.4628880185789401
CACACACGCTAACGAG-1,-0.25370644271097004
CACACAGGGATAGATT-1,-0.6518214447312617
CACAGCACCCACGGCA-1,-0.7139809867560734
CACAGCTAGGGAGTGA-1,-0.2753206891153137
CACAGGGCCATATAGT-1,-0.45360233842789033
CACAGGGCCGTTGTCA-1,-0.3751099230540853
CACATATTAGCAGGAT-1,-0.2044446780821846
CACATGATTCAGCAAC-1,-0.3711349365030774
CACATTCTTTCGATGG-1,-0.20771544564675232
CACATTTCTTGTCAGA-1,-0.0923265718002351
CACCACGCCACACAGA-1,-0.7860113976965664
CACCAGTCAGCATGCA-1,-0.4408377480045383
CACCATCGGAGGAGAC-1,-0.7153579039552952
CACCCACACGTCACCC-1,-0.4133527905044372
CACCCACGAGGCAATT-1,-0.08688832980751994
CACCCGGTTTGTGACT-1,-0.49449642653026665
CACCCTAACAAGATCT-1,-0.5710578855189932
CACCCTTGGTGAGACC-1,-0.6677922088303184
CACCGATACACCGAGC-1,-0.750085034382993
CACCGCCAGAAGGTTT-1,-0.6806386287016664
CACCGCCGACCAGCGA-1,-0.6686347502870755
CACCGTATCCCATCCG-1,-0.2359491015248639
CACCGTTAGGGATCAC-1,-0.6731324827288775
CACCGTTGCGCGATAT-1,-0.7747824222704307
CACCTAATAGAGTCGT-1,-0.6391519059546507
CACCTAATCAGTTTAC-1,-0.7972079504835665
CACCTCGATGGTGGAC-1,-0.12912719333299802
CACCTTGCGAAACTCG-1,-0.2525983456113961
CACCTTGGCGCCTTTG-1,-0.688861719469856
CACGAAAGTTAGTCCC-1,-0.709777505557029
CACGCACAGCGCAGCT-1,-0.4912422544326837
CACGCAGCGAGGCTTT-1,-0.6495768780482626
CACGCGGAACTGTTGC-1,-0.6330520244075626
CACGGGATTGAGGGTT-1,-0.618629134850296
CACGTCGGCAACCTCT-1,-0.7234861931025014
CACGTTCGTGCTCTAG-1,-0.536677279769092
CACGTTTCGTACACAC-1,-0.7882255944279862
CACTAAAGTTGCCTAT-1,-0.38456732506949826
CACTCAAGAGCTATGG-1,-0.4749874794407628
CACTCAGCTCTTGAGG-1,-0.15872211343377177
CACTCCTATGTAAGAT-1,-0.7551542873469574
CACTCCTCTCGGTCGG-1,-0.3442752393333615
CACTCGAGCTGAACAA-1,-0.6738037828974155
CACTCGGTTAGGAGGA-1,-0.20081583581403895
CACTCTTCTGCTAGCC-1,-0.7914999698318108
CACTGACGATTGTGGA-1,-0.49214168519083035
CACTGTCCAAGTGAGA-1,-0.6916276821798621
CACTTAATCAGACGGA-1,-0.2742035461782829
CACTTCGCCACAGGCT-1,-0.08569209100108284
CAGACACCGATCGCTG-1,-0.7232783276381112
CAGACCTGTAAGTGTT-1,-0.22870734194738038
CAGACGAACCTGATAC-1,-0.7732017807649242
CAGAGACGGTCACCCA-1,-0.8031990411539779
CAGAGCATGAGCTTGC-1,-0.6186590626842985
CAGAGGCGATGCATGA-1,-0.31877407151528353
CAGAGTGATTTAACGT-1,-0.5000021100255561
CAGATACTAACATAGT-1,-0.6771915586195567
CAGATCATTTAAAGTC-1,-0.5404055068212936
CAGATCCTGGTTTGAA-1,-0.7307713334689346
CAGCAGCCCGTTCCTT-1,-0.6539593337222751
CAGCAGTCCAGACTAT-1,-0.28862505576553316
CAGCAGTCTGTGCTGC-1,-0.17617251805253384
CAGCCGGGCCCTCTAT-1,-0.16947523314259538
CAGCCTCCTGCAGAGG-1,-0.1194183478232638
CAGCCTCTCCTCAAGA-1,-0.7159671206286161
CAGCGATTCCCTTCAA-1,-0.49931420807164323
CAGCTCACTGAGACAT-1,-0.6189140062157161
CAGCTCGACAAGTTAA-1,-0.3010380082764253
CAGCTCGTGCTTGTGT-1,-0.10048332505287724
CAGCTGGCGTAACCGT-1,-0.7978614458583069
CAGCTTAGTAGGTAGC-1,-0.7684527286247822
CAGGAAGACTTTATAT-1,-0.3174835055095689
CAGGATATATCGTTGT-1,-0.578572170346848
CAGGCAGTCTTACCAG-1,-0.5711717676603908
CAGGCCGTTTGGGTGT-1,-0.11505636324628328
CAGGCGCACGGTGGTC-1,-0.34711171854979694
CAGGCGCCATGCTAGG-1,-0.7871297479340658
CAGTAACTATTTATTG-1,-0.7835792771582
CAGTAATCCCTCCCAG-1,-0.5408027085338496
CAGTACATTCTCTAAA-1,-0.6897143702769484
CAGTACCAGTTTACGT-1,-0.7804668562026971
CAGTAGCCCACGCGGT-1,-0.7454684778202783
CAGTCGAGGATGCAAT-1,-0.7671335942882441
CAGTCTGTATACTGGG-1,-0.2124222223191944
CAGTGAATAAATGACT-1,-0.12973578376701883
CAGTGTCCGCAGAATG-1,-0.5969967551518719
CAGTGTCGGCTGGCCC-1,-0.5320705429148808
CAGTTCAAATTGACAC-1,-0.22232608806983511
CAGTTCCGCGGGTCGA-1,-0.6464147824082679
CATAACGGACAGTCGT-1,-0.7015175102617591
CATAAGAAGCTTGGCT-1,-0.5651352154235755
CATAAGCTCTCCGTCT-1,-0.8005255582811728
CATACAAAGCCGAACC-1,-0.608928892750349
CATACACGGTTCCCAC-1,-0.37864102524365895
CATACCCGTACCCAGT-1,-0.18552417301109558
CATACGAACTAGCTGG-1,0.0076926806186822455
CATACGGCGTCTGGGC-1,-0.5379142490477269
CATACTATGTAATTGT-1,-0.6206528257610777
CATACTTAGGCAATAC-1,-0.0707681636187633
CATACTTCTTTCTCCG-1,-0.8005768446993732
CATAGCCGCCCGGGAT-1,-0.7571663406053296
CATAGCGTTGCCCACC-1,-0.6548874783014944
CATAGTACATTGAGAG-1,-0.2569821023209155
CATAGTAGCATAGTAG-1,-0.6900105331598521
CATAGTCCACAAGAAC-1,-0.7658783309313771
CATATACTACTGATAA-1,-0.7498071180169339
CATATAGGTACAGTCA-1,-0.4179342159319406
CATATGTCAGGCTACG-1,-0.8019982423218414
CATATTATTTGCCCTA-1,-0.715002845855934
CATCATCTACCCGGAC-1,-0.2535653645496936
CATCATTACCCTGAGG-1,-0.29792276024178954
CATCCTCTCAAAGATC-1,-0.6197070288731028
CATCGGACGGGTTAAT-1,-0.16130197463277485
CATCTATCCCGTGTCT-1,-0.6985606365790896
CATCTTACACCACCTC-1,-0.10831937338777241
CATGAACCGACATTTG-1,-0.18348177051885944
CATGACTTCGCTGAAT-1,-0.4095288952121901
CATGAGATGCACTCTC-1,-0.7881518858150524
CATGATGCACAATTCT-1,-0.7334870375608308
CATGATGGAAGTTAGC-1,-0.7856824147651935
CATGCCAACTCGCAAA-1,-0.8014057137436428
CATGCGACCAGTTTAA-1,-0.773120317528735
CATGCGTTAGACAGAA-1,-0.14405295533913645
CATGCTGGCTCCAATT-1,-0.7269475262610646
CATGGATTGTCTTCCG-1,-0.2953821503968585
CATGGCAGGAAGATCG-1,-0.24967432998616837
CATGGGTATGCCTTAT-1,-0.4841487399262028
CATGGGTCGGGTGTGG-1,-0.2760122335872269
CATGGTAAGTAGCGTT-1,-0.25684765160371514
CATGGTCTAGATACCG-1,-0.6095208487711008
CATGTAAGAGACATTT-1,-0.7727210941622191
CATGTCTCATTTATGG-1,-0.7381273442783529
CATTACGTCGGCCCGT-1,-0.09454607586288248
CATTATGCTTGTTGTG-1,-0.7590254375281306
CATTGCGAAATGGGCG-1,-0.7826203039307441
CATTTAGCGGACCATG-1,-0.1446591606092365
CATTTCTAGCAGACTA-1,-0.6339046868042949
CATTTGAGTGGTACGT-1,-0.7554828866174749
CCAAACAGAACCCTCG-1,-0.6556493734492629
CCAACCTTATGTAACT-1,-0.7082060719800645
CCAACGATGCACTGAT-1,-0.514156936527698
CCAAGAAAGTGGGCGA-1,-0.7721748757433803
CCAAGACTTCTGCGAA-1,-0.2837814251934601
CCAAGCGTAACTCGTA-1,-0.6074241862233021
CCAAGGAACAGAGAGG-1,-0.39754495718624216
CCAATAGTGCCGTCGA-1,-0.16139183583091468
CCAATCGGTAGATCGA-1,-0.2689680828050219
CCAATGTCACAGCAAG-1,-0.18432854401612198
CCAATTACGGGTCGAG-1,-0.10718738543732759
CCAATTGAATGTTAAT-1,-0.6988409750223589
CCACAATGTACGTCTT-1,-0.19016293034083098
CCACACTGAGATATTA-1,-0.33260501357653643
CCACAGTACCCATCCT-1,-0.40493529364548436
CCACCAACTTTACTGT-1,-0.7066157035771107
CCACCCAAGGAAAGTG-1,-0.45171164259233815
CCACGGAGCCATAAGA-1,-0.7900564458714482
CCACGGTGCCCGGTAG-1,-0.15691732190776383
CCACTGGTGGCTGGTT-1,-0.8026708885104209
CCAGAAAGCAACTCAT-1,-0.594376010648805
CCAGATAGTTGAGTGA-1,-0.741269438150321
CCAGCCTGGACCAATA-1,-0.3220073760937099
CCAGCTCGAACGCATT-1,-0.3217865579264573
CCAGCTGATGGTACTT-1,-0.6912010811016935
CCAGCTTCCGCCCGCA-1,-0.5330799552727303
CCAGGGACGTGGCCTC-1,-0.603566408077602
CCAGTAGTCTGATCCA-1,-0.19854598511791752
CCAGTCAAATCTCTTA-1,-0.8097737317091199
CCAGTCTAGACGGCGC-1,-0.21652294752054682
CCATAAACAACCCGAC-1,-0.21343545741405004
CCATACCTTTACTTGT-1,-0.36112395310395673
CCATAGGTTGGCGTGG-1,-0.26952776936622985
CCATATGGAAACTATA-1,-0.2551213833898746
CCATCCATACCAAGTC-1,-0.7120626916889619
CCATCGCAGTTAAACT-1,-0.7050265368494434
CCATCTCACCAGTGAA-1,-0.18203120356180258
CCATGCCCTAGATTTC-1,-0.2762216952944215
CCATGCCTGTTTAGTA-1,-0.2633463801896095
CCATGCTCTGCAGGAA-1,-0.4848109905466358
CCATGGCCCTTGTACC-1,-0.5399263308296683
CCATTAGCGATAATCC-1,-0.29372389828502093
CCATTCCCTGCCCACA-1,-0.11014736109821205
CCATTTCTACCTATTA-1,-0.7504501756205878
CCCAAACATGCTGCTC-1,-0.14966987122066264
CCCAACATACGTCGCG-1,-0.41200348551152566
CCCAACCACACTAACA-1,-0.7124905913688419
CCCAATGAGATTTGCA-1,-0.42229949442127096
CCCAATTTCACAACTT-1,-0.3137837567890939
CCCAGAGGAGGGCGTA-1,-0.7099751040432246
CCCAGTAAACTTGGGA-1,-0.7257437886582433
CCCAGTTAAGGCGCCG-1,-0.5656555194397558
CCCGAAGTTTCGCGAA-1,-0.7155076368445653
CCCGACCATAGTCCGC-1,-0.8042612465382656
CCCGAGTTTCTCCGTA-1,-0.7098878493457917
CCCGCAGCGCGAACTA-1,-0.23107873963478834
CCCGCAGGGCCCAAAG-1,-0.1900528736912494
CCCGCCATGCTCCCGT-1,-0.6411845553060211
CCCGCGCAATGCACCC-1,-0.7876783684033787
CCCGGTGTATCGGAAT-1,-0.727748077331082
CCCGTAAGTCTAGGCC-1,-0.7922229402604548
CCCGTCAGCGTCTGAC-1,-0.7807296877568348
CCCGTTTCGCAGATGT-1,-0.1855387665840459
CCCTATGTAGAGCAGA-1,-0.39170503264326423
CCCTCATTCTGGAATT-1,-0.26328871042883917
CCCTCCTCGCTCGTAT-1,-0.25391408799670456
CCCTGAAATGAGTTGA-1,-0.26548001690951867
CCCTGACTAACAAATT-1,-0.7208684332586076
CCCTGCCCAATCCGCT-1,-0.7886512872716471
CCCTGCGCTACGCATA-1,-0.7660433988852264
CCCTTTGACAGGTCTT-1,-0.7093052661691839
CCGAAAGTGGTGAGCA-1,-0.6882012458504815
CCGAACCTTCCCGGCC-1,-0.7648551356163696
CCGAAGTATATTGTTC-1,-0.5998960903949594
CCGACAAAGGGAGTGC-1,-0.44280295642541473
CCGACGGGCATGAGGT-1,-0.39831793449438596
CCGAGAAGTCGCATAA-1,-0.0782355594424115
CCGATCTCAACCTTAT-1,-0.20987870648768533
CCGATTCGAGGGACCC-1,-0.7684905816355794
CCGCACAAAGACCAAC-1,-0.6684811345474739
CCGCACGTGACCTCGG-1,-0.7705040986869783
CCGCATGTGGTACGAT-1,-0.7469255219656612
CCGCCGGTCAACACAC-1,-0.7523673551838962
CCGCCTGCGAATTGGT-1,-0.6799775324075616
CCGCGATTTGGTAGGT-1,-0.7549554324222297
CCGCGGAATGCGTCAC-1,-0.7661489749999112
CCGCGGGTACGAAGAA-1,-0.7755754897869425
CCGCGTAGGTAAGGGC-1,-0.6586666882600348
CCGCTATCAGCACCAG-1,-0.5154084094545534
CCGCTTACCTCACTCT-1,-0.7068652298651683
CCGGAATGGTTTCAGT-1,-0.7588753501074661
CCGGAGCGTACTTTCT-1,-0.36928553715659823
CCGGCACGACCGTTTC-1,-0.7671223594374869
CCGGCGCATATTGGAT-1,-0.7527317620722286
CCGGCGTGAGACTCTG-1,-0.7960628643361758
CCGGGCGGTCTCGTCA-1,-0.5720898093960335
CCGGGCTGCTCCATAC-1,-0.5939277265365834
CCGGGTTCGAGGTTAC-1,-0.22500376233074423
CCGGTAATGGCTAGTC-1,-0.045441227417171375
CCGTAAGTTGGTCCCA-1,-0.5628757317666533
CCGTACCCAAGCGCCA-1,-0.5458164603343139
CCGTAGGAAATCCCTG-1,-0.7993817523563711
CCGTATCTCGTCGTAG-1,-0.24372289648539588
CCGTGCCCATGACGGC-1,-0.5736752199018551
CCGTGGAACGATCCAA-1,-0.6918596086351785
CCGTGTTAAATTCCAT-1,-0.7407283058072109
CCGTTACGTTAGAACA-1,-0.12579879993362209
CCGTTCCGAATCTCGG-1,-0.7996817221260583
CCTAAAGGCTGACGCT-1,-0.3600545850434912
CCTAAATTAACGGTTC-1,-0.20992234154073078
CCTAACCCAAACAAGT-1,-0.6647971827234836
CCTAACTAAGGCTCTA-1,-0.7908678498723306
CCTACATTCACAGACG-1,-0.4731785647529215
CCTACGGCTCAGTCGA-1,-0.6107161092400363
CCTACTGCTTACACTT-1,-0.7245250348589544
CCTAGGCGTAGCGATC-1,-0.6926446401059723
CCTAGGTAAAGGTAGC-1,-0.6810627391467362
CCTAGTTAGTCGCATG-1,-0.20414044931131203
CCTATATTTGTCCTGG-1,-0.4533963948223857
CCTATGAAGTGGTGCC-1,-0.27664558914773707
CCTATGGCTCCTAGTG-1,-0.7363549679988572
CCTATGGGTTACCGTC-1,-0.5510711452264926
CCTATGGTCAAAGCTG-1,-0.8142889346360369
CCTATGTCCACTCCAC-1,-0.7253947313442513
CCTCACCAATCTTGAC-1,-0.3739526764168895
CCTCACCTGAGGGAGC-1,-0.48354708091904197
CCTCACCTTAGCATCG-1,-0.46300813023115717
CCTCCCGACAATCCCT-1,-0.6409754378020822
CCTCCGACAATTCAAG-1,-0.08312804449722996
CCTCCTGAGCCCACAT-1,-0.7659686127508705
CCTCCTGTTGTGTCGT-1,-0.7762580833600917
CCTCGAAGTGGACGGG-1,-0.29751137393492616
CCTCGCCAGCAAATTA-1,-0.18474664770004912
CCTCGCGCGATATAGG-1,-0.7815435311091307
CCTCGGACCGGGATAG-1,-0.5807952160708764
CCTCGGATGCTACCTG-1,-0.6649994875913146
CCTCTAATCTGCCAAG-1,-0.6033662703047596
CCTCTATCGATTAGCA-1,-0.511436608372441
CCTCTCTCCCATCTAG-1,-0.2590043439727812
CCTCTGGCCTAGACGG-1,-0.24159638960794233
CCTCTGTACTATTCTA-1,-0.7358382279891671
CCTGAACGATATATTC-1,-0.5936594015419905
CCTGAATATTTACATA-1,-0.49359619040334624
CCTGACCACCGATGGT-1,-0.5969585369676159
CCTGCCCGTTGTCTAG-1,-0.7859749026401969
CCTGCGTTCTACGCTT-1,-0.4496708165036464
CCTGCTATTTGAGAAG-1,-0.7496127775791158
CCTGGAAACGTTCTGC-1,-0.030121548820858123
CCTGGCTAGACCCGCC-1,-0.7118789419013396
CCTGTAAGACATGATA-1,-0.3312201679444833
CCTGTACTCACGCCCA-1,-0.8127384028198594
CCTGTCACCCGGGCTC-1,-0.7584458458775518
CCTGTCCCTCACGTTA-1,-0.6026754655991077
CCTGTCGCCCGTAAAT-1,-0.2893826325475889
CCTGTTTGAAGACACG-1,-0.8021320193197096
CCTTCGTATAGAATCC-1,-0.8121528080813879
CCTTCTTGATCCAGTG-1,-0.7085271770282963
CCTTTAAGGGAGCACT-1,-0.4473649156050983
CCTTTCAATGAAGAAA-1,-0.7034692611200987
CGAAACATAGATGGCA-1,-0.628644969792664
CGAAACGCAATTCATG-1,-0.23284562084867505
CGAACAGTATGGGCGT-1,-0.44700748898775244
CGAACCCGCATGCGTC-1,-0.7338226759602893
CGAACGCCCAGTGCCG-1,-0.18618940827758404
CGAACGGCCGGACAAC-1,-0.7410739919634725
CGAAGCTATAAATTCA-1,-0.6676493882329657
CGAAGTTGCTCTGTGT-1,-0.12594758453275962
CGAATGACGCATAATG-1,-0.45790668172748045
CGACAATTTGATCTAA-1,-0.3127097890744597
CGACACGCTCCGACAG-1,-0.31771247389949836
CGACAGTTCGCGTTAT-1,-0.1124369547414385
CGACATGCGATCTTCT-1,-0.7280158417897142
CGACCCTTAACGCCGG-1,-0.7765933932396033
CGACGCATCCGTACCT-1,-0.6356031820991515
CGACTCAGGATGTTAT-1,-0.23474872810925684
CGACTTTGTATAGCCT-1,-0.6555994928838038
CGAGACCCTAGAGTGT-1,-0.7063522348302204
CGAGAGATGTGAACCT-1,-0.7180750844823576
CGAGAGCTTTCACTAC-1,-0.772819369073163
CGAGAGGGTAGCCGCG-1,-0.21238781269601348
CGAGCACTTCAAGTTT-1,-0.5949717199065732
CGAGCGTTGATCAGCC-1,-0.3944788284567656
CGAGCTGGGCTTTAGG-1,-0.152594996468345
CGAGGCTAAATATGGC-1,-0.6539008911176573
CGAGGGACTGCGGTCG-1,-0.7667567833950235
CGAGGGTATCCAGGTG-1,-0.27245990721051583
CGAGTACTAAAGAGGA-1,-0.10410220244805897
CGAGTGAAGGTACCAG-1,-0.3885204949629276
CGAGTGCTATAGTTCG-1,-0.6966779974665359
CGAGTTCTGTCCCACC-1,-0.6858107477001192
CGAGTTTATCGGACTG-1,-0.6924808972169129
CGATACCTCGCGGACA-1,-0.20683544192952016
CGATCCGACCCAGTGC-1,-0.20414468973901662
CGATCCTCGCAACATA-1,-0.6053928325605477
CGATCTGTTGGAGGAC-1,-0.7785022189751257
CGATGGACCCTACGCC-1,-0.7944532166917235
CGATTAAATATCTCCT-1,-0.5863227000989143
CGATTCGCCTGGCTGC-1,-0.4801425235910662
CGCAAACACGAGTTAC-1,-0.709926399985463
CGCAATTACTTTCGGT-1,-0.5352595351492507
CGCAATTAGGGTAATA-1,-0.7281380607586316
CGCAATTCTACAATAA-1,-0.6609282988062933
CGCACATGTCCACTAC-1,-0.7043732376248242
CGCACGTGCGCTATCA-1,-0.07344528438093895
CGCAGAAACATTTGCG-1,-0.6260358499952213
CGCAGGCGATCCAAAC-1,-0.15797443787825638
CGCATGGTGCGATGCT-1,-0.6319298161292353
CGCATTAGCTAATAGG-1,-0.6525079820949908
CGCCAAGAAGCCGAGT-1,-0.7698292484583308
CGCCACAGGTCGCGAT-1,-0.6568836671975804
CGCCATCCGATTATGA-1,-0.17899822995460898
CGCCCAGCGTTTCACG-1,-0.8207527865652247
CGCCCGCTTCCGTACA-1,-0.37494262325173155
CGCCGCCCATGCCTGT-1,-0.6881573318919629
CGCCTCCCTCCTCTAT-1,-0.4156921119253935
CGCCTGGCCTACGTAA-1,-0.8246944996950816
CGCGACCGCGACAGAT-1,-0.7482532567595416
CGCGAGTCTGCCGGGT-1,-0.6031154759140193
CGCGCAAATGTCCAGA-1,-0.7355690394860078
CGCGCATGTTTGATTG-1,-0.7525332530424147
CGCGCCCGACTTAATA-1,-0.6072409080487401
CGCGGCTCAACTTGAA-1,-0.4752756792036475
CGCGGGAATTAGGCAG-1,-0.5776839178231356
CGCGTTCATGAAATAC-1,-0.7484745757947807
CGCTACGGGACATTTA-1,-0.1495479753487316
CGCTAGAGACCGCTGC-1,-0.07165318210416663
CGCTATACCGCCCACT-1,-0.5695889140174252
CGCTATTCAATGTATG-1,-0.09019849481990468
CGCTATTCTTAGGCTC-1,-0.32236576948696877
CGCTCGACATAATGAT-1,-0.6216798742199231
CGCTCTCCGTAGATTA-1,-0.128627143123256
CGCTGGTGACTACCCT-1,-0.6408189808811978
CGCTGTGACGCCGCAC-1,-0.6869233253514956
CGCTGTGTGGATGTTG-1,-0.4136784119065254
CGCTTAGTATTGATAC-1,-0.49737706812387966
CGCTTATTCCCGGTCG-1,-0.5830535475486089
CGCTTCCACTGAAATC-1,-0.6908789230891346
CGCTTTCATACCGGTG-1,-0.24980924523485404
CGCTTTCTTGCATTCG-1,-0.1448545420541634
CGGAACGTAAACATAG-1,-0.5594163653996514
CGGAGCAATTTAATCG-1,-0.7723172331134897
CGGAGCATGGCGATCC-1,-0.623671494618446
CGGAGCTTATAACACC-1,-0.7399646512875551
CGGAGTTTGAGAGACA-1,-0.7182451056274868
CGGATCCTCAAGGACT-1,-0.7083208398128599
CGGCAAACATCGTGCG-1,-0.639533886000786
CGGCAGGGTCGGGTTG-1,-0.292514345065097
CGGCCACGCACAAAGT-1,-0.5211343891031273
CGGCCAGAGCGACCAT-1,-0.6702061344845193
CGGCCCAACCTGTAGT-1,-0.680863585640045
CGGCCCAGGTATATCC-1,-0.6393175507808883
CGGCGCCATCAATCCC-1,-0.8185542444293218
CGGCTCTAAAGCTGCA-1,-0.06991496494518015
CGGCTTTGTATGATAA-1,-0.6680103011566337
CGGGAATATAGTATAC-1,-0.744801596948522
CGGGAATTTATGTAAA-1,-0.3216759545448974
CGGGAGCTTCAGTGTA-1,-0.42389606709532596
CGGGATCAATGTAAGA-1,-0.6968769474349455
CGGGCAGCTAAACCGC-1,-0.10211948897381606
CGGGCCTTCTTTGTAA-1,-0.4229438599784691
CGGGCGATGGATCACG-1,-0.7755516863159062
CGGGTGTACCCATTTA-1,-0.1625436071934252
CGGTACTAGAATCAAA-1,-0.650005543467626
CGGTAGAGGTGCAGGT-1,-0.6751189825561372
CGGTCAAGTGGGAACC-1,-0.6427420091963282
CGGTCCGTCGCAAGCC-1,-0.5017446147488441
CGGTCTATCAACCCGT-1,-0.3771000001471886
CGGTGAAGACTAAAGT-1,-0.7885138988115024
CGGTGCAGATAGAACG-1,-0.5010483530907491
CGGTGCGCGTTGGTCC-1,-0.7536397510717929
CGGTGGGCTCCAGCCT-1,-0.4398564616293267
CGGTGTACTTGATCCC-1,-0.37922697861936217
CGGTTATCCAACAGTG-1,-0.2084199948873852
CGGTTCAAGTAGGTGT-1,-0.6242048510988334
CGGTTGACCTGGCATA-1,-0.8102978154693841
CGTAACTTCGACACTT-1,-0.8077894830909713
CGTACCTGATAGGCCT-1,-0.7995716496287993
CGTAGCGAATTGTCAG-1,-0.16874255381658831
CGTATTAAGAGATCTA-1,-0.3319865569457253
CGTCAAGGCTATAAAT-1,-0.7551163208802989
CGTCACGTCCATTGGT-1,-0.25684415464524296
CGTCGCATGTGAGCCA-1,-0.5711352135572549
CGTCGCTTGGTTATAC-1,-0.5416937307014885
CGTCGGATAGTGTTGA-1,-0.2039062555324645
CGTCGGGTCTAAGCGC-1,-0.5063387914427028
CGTCGTCCTTCGCGAA-1,-0.5789900819269987
CGTCTGGAAGGGCCCG-1,-0.2276693613656037
CGTGAAGTTAATTCAC-1,-0.40183957994008895
CGTGACATTGGGTCGT-1,-0.28867513939556455
CGTGACCAGTCCTCTG-1,-0.36329331128456094
CGTGCAGACTGGGACA-1,-0.27307098780526734
CGTGCATTGTCGACGC-1,-0.21453621511683055
CGTGCCCTCCCGAAGA-1,-0.19146307817373348
CGTGCTTCTACCTAAA-1,-0.5275955207140725
CGTGGCCGAATATCTA-1,-0.6233513922747032
CGTGGTACCCAAAGGC-1,-0.1917866766149226
CGTGTCCCATTCGCGA-1,-0.5993827684935534
CGTGTCTCGTTACGAC-1,-0.7211566494845628
CGTTAAACTAGTTAGG-1,-0.4119779045441497
CGTTAATGTCCCGACG-1,-0.8132037647621739
CGTTAGCTCACAACTG-1,-0.14917529932964985
CGTTCAGACCCGCGAA-1,-0.25401538958415903
CGTTCATGGTGCGCGT-1,-0.7719565431111906
CGTTGAATACCGCGCT-1,-0.5398378382091592
CGTTGAGCGACCGTCG-1,-0.23855693830129587
CGTTGTAAGATTGATT-1,-0.7513721275581834
CGTTGTCGGCAATTGA-1,-0.22895947691274193
CGTTGTTTCAATTCCC-1,-0.10996029633515055
CGTTTAAGCGGAGCAC-1,-0.38268461710115775
CGTTTCACTTCGGGCG-1,-0.14422055887176957
CGTTTCGCTCATTACA-1,-0.3846883821871772
CGTTTGTGTAGAGGGT-1,-0.6636793772335633
CTAAAGAATGCCTACT-1,-0.5502764648396142
CTAAAGGGAAATAGGA-1,-0.5852919659726817
CTAAATCCGGTGTACA-1,-0.47375519874739774
CTAAATCCTATTCCGG-1,-0.6786978314935797
CTAACCGCGCGCCCGT-1,-0.6420629826486093
CTAACGAAACTTGCTG-1,-0.1821081329539232
CTAACTGATAATCGCC-1,-0.35447004726767956
CTAACTGGTCCGGTTC-1,-0.49658384248785375
CTAAGGGAATGATTGG-1,-0.28400806324802436
CTAATTCGCACGCGCT-1,-0.5166702252065466
CTAATTCTCAGATATT-1,-0.6706289037120595
CTAATTTCAACAACAC-1,-0.5256864066657605
CTACACTCGCAGATGG-1,-0.2923438434755474
CTACCCTAAGGTCATA-1,-0.29545987209618557
CTACGACTAGCTATAA-1,-0.7978438188846252
CTACGCACGGAGTACC-1,-0.27697856240045654
CTACGCCATTTCCGAT-1,-0.16664122561220118
CTACTATCATAGGTTT-1,-0.54686249609188
CTACTATCTTTCAGAG-1,-0.2475618672146391
CTACTCAAGGTATAGT-1,-0.4325455901497536
CTACTCTAGGCCCGGC-1,-0.7884667172888755
CTACTGCCACCTGACC-1,-0.779851654332298
CTAGATGTGAGTGTAA-1,-0.1452984774431139
CTAGATTTACGACGGC-1,-0.623215800035537
CTAGCATAGTATAATG-1,-0.28231243277961243
CTAGCCGATGTTATGA-1,-0.7555679662736352
CTAGGCGCCCTATCAG-1,-0.6056924898506321
CTAGGTCTGAAGGAAT-1,-0.17348778560927083
CTAGGTTCGGACGTGA-1,-0.1968280715597678
CTAGTAGAAAGGGATT-1,-0.7505631081744286
CTAGTATTCGGAATTA-1,-0.4087277908071992
CTAGTCACGTCTTAAG-1,-0.3876532290677727
CTAGTGAAGGACAGGA-1,-0.1851227983374757
CTAGTTACAACCCGGT-1,-0.7391837963415422
CTAGTTGGGCCCGGTA-1,-0.44248968822471596
CTATAAGAGCCAATCG-1,-0.7866291864023618
CTATCGACGAAATACA-1,-0.43445986581110557
CTATCGGGTCTCAACA-1,-0.3477779326087995
CTATGCCCGAATGCAA-1,-0.3784821459752693
CTATGGGAAGCGGAAT-1,-0.1789191187317971
CTATGTCACTAGCCCA-1,-0.30370748258423885
CTATGTCTATTGAAAC-1,-0.7577990000310514
CTATTCATGTGTCCCA-1,-0.7236549992335326
CTATTTGGTTACGGAT-1,-0.6455507692940665
CTCAAACCACTGCCCG-1,-0.19121096477732016
CTCAACTAACCCGGAT-1,-0.741579372149071
CTCACATTTACTAAAT-1,-0.3636287363271486
CTCACTGTGATACTTA-1,-0.14141442067787177
CTCACTTGGCTGGTAA-1,-0.8156217339158225
CTCAGGACTCACCTGT-1,-0.19513161716257466
CTCAGTCACGACAAAT-1,-0.6853124706161978
CTCATGGCTCACAATC-1,-0.39629451788374837
CTCATGGTAATTTGCG-1,-0.7928133938880301
CTCATTGCTCTAACAA-1,-0.7788027214201161
CTCATTTGATGGGCGG-1,-0.7487580555052178
CTCCCTCCTTTCGATC-1,-0.6727311482842593
CTCCGGCCTAATATGC-1,-0.35913388965109816
CTCGAGGTCGAACAGT-1,-0.572765196253215
CTCGATATTTGCGAGC-1,-0.6798039053389866
CTCGCACCTATATAGT-1,-0.517402523240714
CTCGGGTTCTCTGGCC-1,-0.7519450642888112
CTCGGTACCACTGCTC-1,-0.18570419930845872
CTCGGTCCGTAGCCTG-1,-0.7166959433976224
CTCGGTTGTCGGCCCT-1,-0.3095102959014694
CTCGTTTCTAATGTTT-1,-0.5865565110115175
CTCTAATGCATTGATC-1,-0.7289760590570636
CTCTACACTGGCGATT-1,-0.6760847342694095
CTCTATTTGGCTGCAG-1,-0.1506198515517864
CTCTCACAATCGATGA-1,-0.37173890383219016
CTCTCTAACTGCCTAG-1,-0.4721039051109597
CTCTGGACGCCTGGTG-1,-0.20779534592351886
CTCTGTTTGAGGATTC-1,-0.6358065307263935
CTCTTCTATTGACTGG-1,-0.6269622851972344
CTCTTCTGGAAGTTAG-1,-0.28045830882477735
CTCTTGTCCCGCTTGG-1,-0.7101920082868429
CTGAAAGAGATCCGAC-1,-0.09629389814581696
CTGAATCCGAGACCTC-1,-0.21982621538632247
CTGAATTTATTGCCAG-1,-0.6812617461021419
CTGACTGCGCAGCTCG-1,-0.2283008456321154
CTGAGCAAGTAACAAG-1,-0.6314579865277994
CTGATAGTGTATCTCA-1,-0.35840533390891366
CTGCACAACTACATAT-1,-0.7105023175110362
CTGCACCTGGAACCGC-1,-0.3531413561367016
CTGCACTCCAGTACAG-1,-0.7323135994823546
CTGCCAAGGTTGGAAG-1,-0.2238065508509644
CTGCCATGCATCACAT-1,-0.5477451483382724
CTGCCTTTAATACCTT-1,-0.5476612648174332
CTGCCTTTCTAGTAAA-1,-0.6441778842700178
CTGCGGGTGAAATGTT-1,-0.7918133482721116
CTGCGTTACGATATAA-1,-0.21968541013507922
CTGCTGAGGCCACGAA-1,-0.7627546735538351
CTGCTTGGCGATAGCT-1,-0.49449108176501316
CTGGAAATGGATGCTT-1,-0.1624265086824469
CTGGAAGACACGGTGG-1,-0.5366164240414235
CTGGACGCAGTCCGGC-1,-0.7405409654018854
CTGGATTTACACTTGA-1,-0.7606785471709749
CTGGCATCCGAATGAG-1,-0.7837619188402875
CTGGCGACATAAGTCC-1,-0.3792309042869084
CTGGCGCACAGGTCTG-1,-0.6174774773861568
CTGGCGGGAATAAGTA-1,-0.6584984830102948
CTGGCTGATTCATCCT-1,-0.4071785129044153
CTGGCTGGTTGTCAGT-1,-0.4939298961225438
CTGGGATAAATAATGG-1,-0.607974163451025
CTGGGCCTGCTATATC-1,-0.7684478161455266
CTGGGTAGGCAGTTAA-1,-0.6244727202341999
CTGGTAACACATAGAA-1,-0.7388581933962738
CTGGTAACGAGCTCTT-1,-0.20861993603256979
CTGGTTTCGAGCAAGA-1,-0.3142327882727413
CTGTAGTGAGGATCGA-1,-0.7462324988793892
CTGTATGGTGTAGAAA-1,-0.12751878450914073
CTGTCAAATGGCTCGG-1,-0.2771423033225614
CTGTGCAGGGTAGGTC-1,-0.38966174357275657
CTGTGGTCGGGAGATA-1,-0.7366675597742349
CTGTTACCCAATCTAG-1,-0.6889768564208
CTGTTCACTGCCTGTG-1,-0.7364469324734952
CTGTTCATCTCACGGG-1,-0.10220082229418205
CTTAACTTCGAAGTAC-1,-0.7228950143418191
CTTACACGGTATTCCA-1,-0.21921403965296024
CTTACACTGGGAAATA-1,-0.44989920642498993
CTTAGCCTTCCACATG-1,-0.16060518704746657
CTTAGTAGGCCTACAG-1,-0.20840941612128744
CTTAGTGTAGTAGCAT-1,-0.6746646023977826
CTTATGCGCTCAGGGC-1,-0.7833075928240445
CTTCAACTCCACTTGG-1,-0.7358093199849891
CTTCAGTGGTCGCCTA-1,-0.6802898347178505
CTTCATAGCTCAAGAA-1,-0.05304839126759127
CTTCATTGTCAGTGGA-1,-0.42227516055654724
CTTCGGCCAATTGTTT-1,-0.717137228056252
CTTCGTAGATAGGTGA-1,-0.6794694797071338
CTTCTATGTTGAAGTA-1,-0.7990159941164177
CTTCTATTAATGCTAG-1,-0.7212250471716737
CTTCTGGGCGTACCTA-1,-0.4445372236159188
CTTCTTACGTCGTATA-1,-0.1411949176047805
CTTGACCCGAAAGATA-1,-0.7176229718067006
CTTGAGTTAGGGTAAT-1,-0.5918650343513704
CTTGCAACCGCCTCCT-1,-0.7804334454258268
CTTGCCCAGGCTCTAC-1,-0.21727780354210793
CTTGGCCAAGCTGGGA-1,-0.3826136400119834
CTTGTACTTGTTGACT-1,-0.7915402305302401
CTTGTCAACATTCGAG-1,-0.7587375949111109
CTTGTGAGTCTTTGAC-1,-0.5742514854942625
CTTGTGCTCACCGATT-1,-0.7846278516212281
CTTGTTGCTGAGTCAA-1,-0.7118999887694986
CTTGTTTATGTAGCCA-1,-0.28669124219832276
CTTTAACTTTCAAAGG-1,-0.6833885856545859
CTTTAATATTGGTCGA-1,-0.7545506968414993
CTTTACCGAATAGTAG-1,-0.5695750239137437
CTTTAGGAACACTGTT-1,-0.6807859620470779
CTTTAGTGCTATTATT-1,-0.6796674701652748
CTTTCTGTGCGGGCTT-1,-0.7050478714040652
CTTTGCATCGCTCTTG-1,-0.8027624069800952
CTTTGGCGCTTTATAC-1,-0.34666027856371645
CTTTGGCTTTAGTAAA-1,-0.1134845664789241
CTTTGGGATTGTTGCA-1,-0.2775323261745716
GAAACAGATGACCACC-1,-0.5705651725967874
GAAACAGCCATGCAGT-1,-0.20591959310378533
GAAACATAGGAAACAG-1,-0.7342754508781347
GAAACCATGGTGCGCT-1,-0.67269734023717
GAAACCGAATTACCTT-1,-0.4036034480143926
GAAACTCGTGCGATGC-1,-0.7595410250263545
GAAACTCTAATGAAGG-1,-0.6709134521412796
GAAAGAACAGCGTTAT-1,-0.1918664382794523
GAAAGCCCTTTGGACC-1,-0.48580395478309973
GAAAGTGACTAACTGC-1,-0.5644128553306239
GAAATACTAAACGTTT-1,-0.6745153039327888
GAAATATCACCATCAG-1,-0.6851913880175546
GAAATCGCGCGCAACT-1,-0.1096278555242009
GAAATGGCGGTGTTAG-1,-0.2753143710505954
GAAATTAGCACGGATA-1,-0.7429834888839122
GAAATTCACATCGCTG-1,-0.4829760464222323
GAAATTGTCTCTATAA-1,-0.49775769302306583
GAACACACATCAACCA-1,-0.7448726229070851
GAACAGATTACTAAAT-1,-0.6242876384541419
GAACCTCGACCTACAC-1,-0.6687466201434896
GAACCTTTAACGATCC-1,-0.5569209009923629
GAACGACCGAATGATA-1,-0.2831734274126218
GAACGTCTCATGGTCG-1,-0.1773268527552664
GAACGTTAGGAAGACG-1,-0.2080234085383927
GAACTGTGGAGAGACA-1,-0.8297993531702464
GAAGAAACGATATTGT-1,-0.26068380590619183
GAAGAACGGTGCAGGT-1,-0.6589827478040486
GAAGCCACTGATTATG-1,-0.207162480955988
GAAGCCTGCACATTCC-1,-0.3549662118513195
GAAGCGTGAGGAATTT-1,-0.2529526538311674
GAAGCTCGGACCCGTC-1,-0.6896885172210782
GAAGCTTGCTGACCGC-1,-0.7483342461699701
GAAGGAGTCGAGTGCG-1,-0.22068899078733364
GAAGTCAGTTGCACTA-1,-0.7822264314715054
GAAGTCTCCCTAGCGA-1,-0.6630336645414714
GAAGTGATTTATCGTG-1,-0.1882738038033515
GAAGTGCTGGATAGCT-1,-0.20986877087369538
GAAGTTTCCACTCAAT-1,-0.7053147081825767
GAATAGACGCGACCCA-1,-0.48670409445582974
GAATAGTGCTCGATTA-1,-0.4751870768946272
GAATATTCGGAGTCCC-1,-0.33079992591662805
GAATCGACATGGTCAC-1,-0.6358389994414183
GAATCGCCGGACACGG-1,-0.6564676221264808
GAATCTGAACATTCTC-1,-0.21490078594727421
GAATGCGAATCGGTTC-1,-0.30597493216960464
GAATGTATGGCAGGTC-1,-0.16299069236969238
GAATGTGGTCCGGATT-1,-0.6444130073556763
GAATGTTGGGTAATCT-1,-0.6456714549511017
GAATTATAGTGAAAGG-1,-0.6278010112566785
GAATTCACCCGGGTGT-1,-0.25007308880066065
GAATTTCTCGCTGCAG-1,-0.6851609375965363
GACAAACATATGCAGG-1,-0.6112711398000696
GACAACGACCATTGAA-1,-0.5412680721653986
GACAACGCAGCTTACG-1,-0.23423537760714633
GACACAAGGGAAGAAA-1,-0.6731146103664181
GACACGAGTTAGAGGA-1,-0.4942813246630608
GACACTGAGTTCAGTG-1,-0.17115987604153068
GACAGCCAGACCTGAC-1,-0.5667584536790025
GACAGGCACACACTAT-1,-0.7996725008750071
GACATCCGTCGAACTG-1,-0.18182239953857912
GACATCGATTTATAAC-1,-0.6951837301963081
GACCAGAGCCCTGTAG-1,-0.20384167068376824
GACCCAATTATGATAC-1,-0.7255715278765521
GACCCGTCGCCGGCTA-1,-0.6517288784662489
GACCGACGTGAAAGCA-1,-0.06274076358606734
GACCGACTGAAGCGTC-1,-0.5557557609463258
GACCGTCAGGTCGTGA-1,-0.3286412646268872
GACCGTGCTGACGGTG-1,-0.32923474328343144
GACCGTTACATGCGAC-1,-0.7488565783294501
GACCTTCCACGTCTAC-1,-0.42566963822380627
GACGACGATCCGCGTT-1,-0.7536236862920599
GACGAGGCTAATAAAC-1,-0.1629987685496197
GACGCCGTAAAGGCTA-1,-0.49903808696472
GACGGTCAATAGAAGC-1,-0.2683659474117918
GACGTGTAGGGATTAT-1,-0.6930010079102794
GACTAAGATCATGCAC-1,-0.7849431234689003
GACTAAGTAGGCTCAC-1,-0.7291944458334129
GACTACAAAGCGGTGG-1,-0.7829971366082422
GACTAGGCCGTTAGGT-1,-0.777928226464444
GACTCACCCACGTGAG-1,-0.15695273914319974
GACTCCCAGAATAAGG-1,-0.7486347782718096
GACTCGCGGGAATGAC-1,-0.35011300183151817
GACTGCAAATCGAGCT-1,-0.7227801607226593
GACTGCACCAGCCCAG-1,-0.5454049881176672
GACTGCGGCACGTGTA-1,-0.5939827622179401
GACTGCTGGTGAGAAA-1,-0.7422314829371296
GAGACTGATGGGTAGA-1,-0.5320525308099656
GAGACTTCGCGACCGA-1,-0.6888271413418046
GAGAGGGCGCGAGGTT-1,-0.38747636551241377
GAGAGGTGCATTCTGG-1,-0.732037568329366
GAGATCTGCTTGGCAT-1,-0.5436270624178935
GAGATCTGTCACTCCG-1,-0.7663210773382724
GAGATCTTCCATGACA-1,-0.6046434590258406
GAGATGGGAGTCGACA-1,-0.7772855154163537
GAGCATCAACAACTTG-1,-0.15101616717355693
GAGCATCATCCCTGGG-1,-0.7448047201379063
GAGCCACGGTAGTAGG-1,-0.7765601424624331
GAGCCAGCTACCTGTG-1,-0.8057860138385009
GAGCGAGGGAGTACCG-1,-0.14999534930953148
GAGCGCAAATACTCCG-1,-0.20786474027941912
GAGCGCGCACGAGTAG-1,-0.4601582759974692
GAGCGCTGTTAGGTAA-1,-0.7182065149568108
GAGCGGAATGCGGTGT-1,-0.7089945096288695
GAGCTAAGGGCATATC-1,-0.37087639772229214
GAGCTCTCGGACCTAA-1,-0.6635850301030393
GAGGAATGGAGAGGTT-1,-0.4645126352325552
GAGGATAAACAGTGCT-1,-0.02530960438034901
GAGGCCCGACTCCGCA-1,-0.6246934070614404
GAGGCTATCAAAGTCG-1,-0.7812828518532174
GAGGGAGTCAGATCGC-1,-0.18277331312617207
GAGGGCATCGCGTATC-1,-0.6331031043106834
GAGGGCGCAGCTCTGC-1,-0.4740091094435006
GAGGGTAGTAACAAAG-1,-0.5426136033069247
GAGGTACATCCATCTT-1,-0.23555948163489085
GAGGTACGCGTGTCCC-1,-0.7348492827462109
GAGGTCCCAAAGATCT-1,-0.43811563634342093
GAGTAAGGCCACGGGA-1,-0.7835985407756572
GAGTACGGGTATACAA-1,-0.2081730860483488
GAGTAGATACTAGTTG-1,-0.36297578549579373
GAGTATGCCCGCCTTG-1,-0.7580558329987797
GAGTATGCGCGTGCAT-1,-0.20010492002266106
GAGTCCGCTTACCGGA-1,-0.5880035208107115
GAGTGTCAACCAGAAA-1,-0.7646617651167614
GAGTGTGCGGTACCCA-1,-0.3505580357605033
GAGTTGATGGCAATTT-1,-0.6404974167536601
GATAAATCGGTGGATG-1,-0.572337685189156
GATAACTCGCACTGTG-1,-0.7369162052874865
GATACGATGGGAGTCA-1,-0.4580825647838297
GATAGGTAACGTTGAC-1,-0.3218835321332439
GATAGTGCGAGTAAGT-1,-0.6973668739109815
GATATCTCATGCAATA-1,-0.7723473710488391
GATATGAGACACTAAC-1,-0.6825067233737047
GATATGCGGTAGCCAA-1,-0.21309847338969617
GATATGGATTACGCGG-1,-0.5665568913226673
GATATTTCCTACATGG-1,-0.29970679982706017
GATCAACATAAAGGGA-1,-0.24695817845705856
GATCATTCCAAACATT-1,-0.1513877989855011
GATCCCTTTATACTGC-1,-0.5605455120397269
GATCCGGGAATTAACA-1,-0.35905211543448734
GATCCTAAATCGGGAC-1,-0.5250260647124918
GATCCTCGACACTGGC-1,-0.7365395809929035
GATCGACACTATCTGA-1,-0.643740931267016
GATCGCGGGCTCTCCA-1,-0.20372630567234026
GATCGCTACCCGATTT-1,-0.3513069643304207
GATCGCTATATCTCAG-1,-0.48882340868176927
GATCGGATAGAACCAT-1,-0.8065520055331189
GATCGGTGGCCATAAC-1,-0.6520864114456363
GATCGTGACTGATATC-1,-0.36734266977021085
GATCTGCTATCTAAGG-1,-0.4827470437807946
GATCTTGGAGGGCATA-1,-0.36468987713060275
GATCTTTGCAGGGTAT-1,-0.5047496351702826
GATGACAAGTAGGGCA-1,-0.5051205932823642
GATGAGGAACCTTCGG-1,-0.612177484882461
GATGCGTCCTGCATTC-1,-0.36974086255385813
GATGCTACAAGCGCCT-1,-0.5536267327873253
GATGCTGTATTTCATC-1,-0.48951744006965164
GATGGCGCACACATTA-1,-0.5379126762302744
GATGGTGCCCTAGGCA-1,-0.7086036769867066
GATGTAACGAACCACC-1,-0.7446213304671262
GATGTCGGTCAACTGC-1,-0.3798692383247834
GATGTTCAATCCACGA-1,-0.11725313589113835
GATGTTTGTGCGAGAT-1,-0.0867348009216255
GATTAACCGAAAGCCC-1,-0.7725642608313976
GATTCCCTTGTCGCAG-1,-0.6458874926000501
GATTCCTATACGGCGC-1,-0.7350936230851072
GATTCGACGGTTCACG-1,-0.6159797811023223
GATTGCTCCAGTTGCA-1,-0.6342936444620249
GATTGGGAAAGGTTGT-1,-0.7521991219763242
GCAAACCCTACATTAT-1,-0.7072127964146975
GCAAACCTTGGCCATA-1,-0.21781307655153037
GCAAATATTACGCTTT-1,-0.13100417895100558
GCAACACACTAGAACT-1,-0.8017643503793825
GCAACAGCAGTATGCG-1,-0.38105251558990433
GCAACCACCAGACCGG-1,-0.3992833535222987
GCAACCACGGCCGCGT-1,-0.7930311111968944
GCAACGGCTAGTTATG-1,-0.1389621352024831
GCAAGAATTCCTTGGC-1,-0.2262384499514634
GCAAGTGCACAGAGAA-1,-0.6258252081182252
GCAAGTGTAAAGCATG-1,-0.6244526623545801
GCACAAACGAGGCGTG-1,-0.11373860166291008
GCACAAGTGTCGGAAG-1,-0.7109490440854946
GCACACACTGGTAGCC-1,-0.7157647683793642
GCACACGCCCATGGTC-1,-0.49466370962895573
GCACGCCTACTTAGAT-1,-0.5389086914781267
GCACTGCCTACCTTTA-1,-0.23404355445931774
GCAGACCCAGCACGTA-1,-0.10714559453496791
GCAGATTAGGGATATC-1,-0.41110645289276937
GCAGCACACAGCCCAG-1,-0.17634381556541995
GCAGCCTATATCACAT-1,-0.8099690440529163
GCAGGAACTTAGATCT-1,-0.7079353874028516
GCAGGACTATAGAATA-1,-0.43432319458431823
GCAGGTAGAGTATGGT-1,-0.5126907556632785
GCAGTGTGGCTATAGG-1,-0.7689756159695197
GCATACGAGGTCTTTA-1,-0.8214505136994613
GCATAGAGCACTCAGG-1,-0.6013071533637642
GCATCCCTAACTTTGA-1,-0.3011557711928406
GCATCGGCCGTGTAGG-1,-0.48427290192652517
GCATGAGGGACGCGGC-1,-0.2510991215546978
GCATTCAAGGCAACGC-1,-0.7095150530860871
GCATTCGAAATGAACA-1,-0.8044105037364454
GCATTGTAATTCATAT-1,-0.7893010534586907
GCATTTCCAAGGCTCC-1,-0.7787544857088694
GCCAACCATTTCCGGA-1,-0.6512584631070898
GCCAAGAATACTTCTG-1,-0.7940700629690918
GCCAATAGGGCATCTC-1,-0.7347895676674767
GCCACAATTTAAGGAC-1,-0.06954860192194198
GCCACTCAGAGCGCGA-1,-0.7960157282244611
GCCAGGAGTAACCGAT-1,-0.22249905313955007
GCCATATTGCACACAG-1,-0.18340683790169293
GCCATCGAGCTGCGTG-1,-0.7109066007576463
GCCATCGATGCTGCAT-1,-0.7754254565216491
GCCATTAGCCTCAAAC-1,-0.6412618893794366
GCCCACCAAGGCTGTC-1,-0.7066173626502728
GCCCAGTTGGTATGCC-1,-0.05613462575231099
GCCCGACTTCTTCCCG-1,-0.7993200362320014
GCCCGATCTGTGGTCG-1,-0.6852923038377723
GCCCGCGCGTAAACGG-1,-0.765977697672315
GCCCGCGCGTTTGACA-1,-0.05350938185044392
GCCCGTAATACCTTCT-1,-0.5933448618535164
GCCCTAGCCGTCGCGA-1,-0.7138436430067924
GCCCTGAGGATGGGCT-1,-0.8151847525731404
GCCGAAATTCCTACGT-1,-0.7173656276860424
GCCGACCCACGACTGC-1,-0.7300307514976052
GCCGATTGGCCAAGCT-1,-0.7557886111595383
GCCGCATTAGTCCGGC-1,-0.15207350522748375
GCCGCTTGTGAGAAAC-1,-0.35654416111294013
GCCGGGTTAGGGTCGC-1,-0.40064064682257866
GCCTAGCGATCTGACC-1,-0.3004231071018692
GCCTATAGTGTCAGGG-1,-0.25058459686313256
GCCTATTCCGATATAG-1,-0.4979896482440105
GCCTATTTGCTACACA-1,-0.8018738417216834
GCCTCATCTGGAAATA-1,-0.6280486044384794
GCCTCCGACAATTCAC-1,-0.7396691028195345
GCCTCTATACATAGCA-1,-0.5250443586913651
GCGAAACTTAACTGGA-1,-0.6151592649891435
GCGAAGAATCTGACGG-1,-0.6854517748896423
GCGAAGCCATACCCGT-1,-0.2372829091957551
GCGACCCAACCATCTG-1,-0.3088521438919766
GCGACGATAGTTGTAC-1,-0.6984396519917886
GCGAGAGTTGCGTCCA-1,-0.7029663151649411
GCGAGCGCATGCTCCC-1,-0.6447235537273533
GCGAGGCCCGAGCAGA-1,-0.5413324884371843
GCGAGTTCTGCAAAGA-1,-0.2969344460869625
GCGATTCTGGAAGCAG-1,-0.341936298981051
GCGATTGTTAACGTTA-1,-0.37018707356930597
GCGCAAATATATTCAA-1,-0.2835634187644162
GCGCAAGAGCGCGCTG-1,-0.013913070128686915
GCGCATCCAGTCAGCA-1,-0.2157516431621947
GCGCCGTTCCACGATA-1,-0.36872617042554157
GCGCCTCCCACTCCGA-1,-0.1150921153078157
GCGCGGTCTAGTAACT-1,-0.7646925883732094
GCGCTAATTGAATAGA-1,-0.31785422334770264
GCGCTATGCCGAGGCA-1,-0.16275255045282547
GCGCTGATCCAGACTC-1,-0.3597579387643592
GCGCTGCTTTGCATTT-1,-0.3154558374599779
GCGCTTAAATAATTGG-1,-0.43083602296132223
GCGGACCGCGTTGTGG-1,-0.7237524439104676
GCGGAGAAACTTCGCA-1,-0.6390047024900615
GCGGAGAGGGAGAACG-1,-0.6123378567717955
GCGGCAAAGTATTGCC-1,-0.6078257304569329
GCGGCTCTGACGTACC-1,-0.6413458600796498
GCGGGAACCAGGCCCT-1,-0.649905409658299
GCGGTCCCTAGACGCA-1,-0.30713778172055145
GCGGTGAACTGCGCTC-1,-0.752614462163978
GCGGTTCCCTATCATG-1,-0.2812374335618006
GCGTAAATGGCCATAA-1,-0.21835293035546632
GCGTCGAAATGTCGGT-1,-0.09843297604318271
GCGTCGCCAGGGTGAT-1,-0.6695063352466907
GCGTGGTACTGGGTTA-1,-0.16825263669862484
GCGTTATATTTGGAAC-1,-0.564526697127188
GCGTTCGGAGACCGGG-1,-0.7743358564140483
GCTAAACCTGAGGTGA-1,-0.7225165292300276
GCTAACTGAAGTCTGA-1,-0.8055005805573039
GCTAAGTAAAGGCGAT-1,-0.6318441836766319
GCTAAGTAGTTTCTCT-1,-0.6758417662234656
GCTAATACCGAATGCC-1,-0.6568621317867871
GCTACAGTACGGACCG-1,-0.8126406250237938
GCTACGACTTATTGGG-1,-0.33796537164213175
GCTACTATAGTAGAGT-1,-0.3669998440368903
GCTAGACCGTCTACTG-1,-0.6780359251312368
GCTAGAGTAGAGATGT-1,-0.28595962941046416
GCTAGCTTGAATAGCT-1,-0.6752914938151445
GCTAGGCACCACGGAG-1,-0.6296945275078977
GCTAGTAGAGCTTGTA-1,-0.6682266165502352
GCTAGTTTCATTGAGG-1,-0.672630114161949
GCTATACGTCTCGGAC-1,-0.7029799253918416
GCTATCGCGGCGCAAC-1,-0.4768888864094105
GCTCAATCCGTTTATT-1,-0.6792742457484839
GCTCAATGTAATACCG-1,-0.32673730539601004
GCTCATTACTGCATGT-1,-0.5769578450044197
GCTCCATGCAAAGCAA-1,-0.7412612296538655
GCTCCCAGTCGGTCCA-1,-0.08580810001268974
GCTCCGCTCGCTTCAG-1,-0.1173744124803936
GCTCCTGACATACTGG-1,-0.4861170568137251
GCTCGGAATTTAAAGC-1,-0.1383512644454629
GCTCTAAACCCTGACG-1,-0.7030366511625894
GCTCTATGTTACGTGC-1,-0.6232050382086157
GCTCTCGGGTACCGAA-1,-0.6956990106150318
GCTCTTTCCGCTAGTG-1,-0.40145714309347763
GCTGAATCTTCCAATC-1,-0.6266507074712183
GCTGAGGCGTGAGTAT-1,-0.3636150156474069
GCTGCACGGTTTCTTA-1,-0.4062185285595766
GCTGCTACTGCGTAGC-1,-0.40396814123743463
GCTGCTCTCCGGACAC-1,-0.23754220942674417
GCTGGCATATTCACCT-1,-0.748954011864719
GCTGGCGGCGCATGCT-1,-0.7284445602034559
GCTGTATTACTGGCCC-1,-0.12451064724384145
GCTGTTGCTACCGAAC-1,-0.7845042820685335
GCTTAATGTAACTAAC-1,-0.6740819866710305
GCTTACGTAGTTAGTA-1,-0.6207892131439773
GCTTATGAAGCAGGAA-1,-0.1339875902187805
GCTTCCGTCCCTAGAC-1,-0.5887929501911332
GCTTGATGATAATCAG-1,-0.07802838169354048
GCTTGGATCGATTAGG-1,-0.2078196193823274
GCTTTCAGAGGAGGTG-1,-0.25541629004748434
GGAAACCTTGTTGAAT-1,-0.6844231964570264
GGAAAGTGCCCATGCC-1,-0.1424211473843141
GGAACCGTGTAAATTG-1,-0.7390243561057376
GGAACCTTGACTCTGC-1,-0.5893621217892916
GGAAGCTCGCTTACAG-1,-0.20489477617724353
GGAATGCGCTAGCGTG-1,-0.3547167896219705
GGACACAAGTTTACAC-1,-0.06357756552908156
GGACCAACAGGATAAC-1,-0.7699824646531798
GGACCTCTAGGCCGCC-1,-0.33183474574934213
GGACTCGACAGCGCAT-1,-0.7232588253801405
GGACTCGTGAGTGGTC-1,-0.44414079856823857
GGAGAAGTCATTGGCA-1,-0.5487776116292779
GGAGACGACACCTTTG-1,-0.5937622054464892
GGAGCAACATTTCAAG-1,-0.24057816721030664
GGAGCACCAAGAACTA-1,-0.5183640866378812
GGAGCGAGGCCTACTT-1,-0.5991571836794247
GGAGGGCTTGGTTGGC-1,-0.6781983063916036
GGAGTGCCGCCCTGGA-1,-0.49976883248436854
GGATACTCATGAATTG-1,-0.793273746154689
GGATCATCCCGTACGC-1,-0.6510477945310464
GGATCCGGAATATACT-1,-0.6622517066292
GGATCTTACTGCCCTT-1,-0.6446214530564792
GGATCTTGACTCAACC-1,-0.5966946126617179
GGATGAAGATCGCTGA-1,-0.45852240671412864
GGATGACGCGAGTTTA-1,-0.5714027347075052
GGATGCTGGCGTTCCT-1,-0.8011730636149942
GGATGTCCTTACCGCA-1,-0.1692629262030895
GGATTCAGTACGGTGG-1,-0.0882163821204361
GGATTCCGCTATACCC-1,-0.25112856915129983
GGATTGCTGTGACTCC-1,-0.8025841854535136
GGATTTCACTTCTATA-1,-0.17088877909210246
GGCAAAGGCGCCAATA-1,-0.49674880139852895
GGCAAATTACTTTACT-1,-0.39124401836038647
GGCAAGCCCATAGTGG-1,-0.19178357644402497
GGCAAGGCGAAATAGC-1,-0.260591393559876
GGCAATAGTCAATGAG-1,-0.6013137896579845
GGCACTCCACTGGGCA-1,-0.19635107466669136
GGCAGCAAACCTATGC-1,-0.2215888779228259
GGCATACAGGTAGCGG-1,-0.11548026010314662
GGCATATCGGTTCTGC-1,-0.44580123248227255
GGCCCTCACCCACTTA-1,-0.7886680088846921
GGCCGAGACTCTGGTG-1,-0.6662550531583061
GGCCGGCGTCTGCTAT-1,-0.8312546708213908
GGCCGTTTGGGTTTCA-1,-0.4554085159486768
GGCCTTTGCAACTGGC-1,-0.7792775156128368
GGCGAAATCTAACTTG-1,-0.32654052551299323
GGCGCAGGACATCTTC-1,-0.7421315309336077
GGCGCATGAATTGATG-1,-0.32232530009021854
GGCGCGGAGATCTTTC-1,-0.759043359445628
GGCGCGTTCGAGTTTA-1,-0.6583170592924484
GGCGCTTCATTCCCTG-1,-0.7068998217918655
GGCGGAGTAATATTAG-1,-0.15201110933027065
GGCGGTAGGATCATTG-1,-0.45794837874162536
GGCGTAGGGAAAGCTG-1,-0.6980255748160729
GGCGTCCTATCCGCTG-1,-0.7437633765770464
GGCTAAAGGGCGGGTC-1,-0.7589517825206142
GGCTATTAAGTTGTAT-1,-0.06502726841103487
GGCTCCTCCACCTGTT-1,-0.6164327247160234
GGCTCGCGTTGAGGTA-1,-0.24780193169516812
GGCTCGTGCCACCAGC-1,-0.04742275911774517
GGCTCTGCTCCAACGC-1,-0.4609581729438013
GGCTGAAATAGCAAAG-1,-0.8106659130843319
GGGAACGGGAGGTTAG-1,-0.6435822620950877
GGGAACGGTTTCAGAT-1,-0.07934124095563286
GGGAAGACGGTCTGTC-1,-0.23546369204044237
GGGAAGGGCTTTCTCA-1,-0.5261553665221094
GGGACAGAGTTACTCC-1,-0.5260068628643787
GGGACTGCATAGATAG-1,-0.6691995847350689
GGGAGAACTCACAGTA-1,-0.3182792905025571
GGGAGGATGCCCGAAA-1,-0.16674083496679998
GGGAGTAATGGCTGGC-1,-0.7619735446698929
GGGAGTTAATGAGGCG-1,-0.6418066702948578
GGGATGGTCGTAACCG-1,-0.6395536087707963
GGGATTTACCGCACCT-1,-0.4509634835973735
GGGCAACCGCACGTGC-1,-0.7127465931118756
GGGCCCGTCTTAAACA-1,-0.4157168515792632
GGGCCCTACGAAAGGG-1,-0.821491791399524
GGGCCGGCCGAAGTAC-1,-0.5831109845893158
GGGCCTAAATGGGCTA-1,-0.7947768993211572
GGGCGATATGTGTGAA-1,-0.6108734444742201
GGGCGGCAAATGAATT-1,-0.7254336582366142
GGGCGGGTTCCCTACG-1,-0.3392298396802868
GGGCGGTCCTATTGTC-1,-0.736010698317533
GGGCGTACATTTATAT-1,-0.748343261672205
GGGCGTCACCACGTAA-1,-0.6845063676865978
GGGCGTCCACTGGCTC-1,-0.34437735872181685
GGGCGTGGTTTCCCAG-1,-0.7300031891831283
GGGCTCATCGAACCCA-1,-0.6874156492267027
GGGCTGCCTAGGGCGA-1,-0.45505668759915735
GGGTACTTCATGAACT-1,-0.46542319967420354
GGGTATGTATGCACTT-1,-0.5731621011592464
GGGTATTCTAGCAAAC-1,-0.6931216615197469
GGGTCACCGTGACGGT-1,-0.42723009442984594
GGGTCAGGAGCTAGAT-1,-0.4673901404427882
GGGTCGTGGCAAGTGT-1,-0.6707695075938312
GGGTGACACCTTAACT-1,-0.1865453330439355
GGGTGCATATGAAAGC-1,-0.7809172142640494
GGGTGTTTCAGCTATG-1,-0.13079248985653244
GGGTTAACATTTGAGT-1,-0.18020788189177245
GGGTTTAGGATAGGAT-1,-0.1333426412505913
GGTAAATGTGCGTTAC-1,-0.21096356603689578
GGTAACCGGGAGGATA-1,-0.27500986636871844
GGTAACTATGTATCTG-1,-0.23153864655611078
GGTACAAACATGCTAT-1,-0.46570267468255266
GGTACATCTGGGACGA-1,-0.7570079698190109
GGTACCATTAAGACGG-1,-0.38558623907099515
GGTAGAAGACCGCCTG-1,-0.7535163777113394
GGTAGACCGTTGGGCG-1,-0.7015885721723399
GGTAGTGCTCGCACCA-1,-0.6073193335127129
GGTATAGTGACACATA-1,-0.7461210034766338
GGTATTGCCGAGTTTA-1,-0.3438148062962043
GGTCAAGACTACTTCG-1,-0.22829335445461968
GGTCAGTGGGTCCCAC-1,-0.16918978840977636
GGTCGGATAAACGGCG-1,-0.7431167206814452
GGTCGGCCAGGAGCTT-1,-0.16859612613509115
GGTCGGTAATTAGACA-1,-0.5576723615975281
GGTCGTAAGCTCGCAC-1,-0.7548130706657662
GGTCTCTGAATGGACT-1,-0.38912853654330265
GGTCTGAGAATCTGGA-1,-0.5454506167212857
GGTCTTGAGCGCTCTT-1,-0.20664324294632477
GGTGAAGTACAGGGAT-1,-0.7323647627134408
GGTGAGATGCAGATAA-1,-0.5389143613606184
GGTGATAAGGAGCAGT-1,-0.6712121530562212
GGTGCATAAATGATTA-1,-0.6024949428661462
GGTGCGGATAAGTGGC-1,-0.29131543662041576
GGTGCTGATCACAAAG-1,-0.7642959660606874
GGTGCTGGTACACATT-1,-0.1681130115230241
GGTGGACTGCTCTGGC-1,-0.7085163408026226
GGTGTAAATCGATTGT-1,-0.7984073210407601
GGTGTAGGTAAGTAAA-1,-0.7445983359962193
GGTTACCACCCTCGGG-1,-0.210144309587825
GGTTAGCTATATGTCT-1,-0.29553185396816417
GGTTAGGCTTGGAGAA-1,-0.6231456301445276
GGTTAGTTACGGCGCC-1,-0.6716913883758355
GGTTCGGATTATACTA-1,-0.6701405427153165
GGTTCTACTCGTCTGA-1,-0.11285197726221859
GGTTGTGTAGCCTGGC-1,-0.1749141996689937
GGTTTACAATCTCAAT-1,-0.5430102604909424
GGTTTAGCCTTTCTTG-1,-0.6594602234635831
GGTTTGAGTGCTGGAA-1,-0.08329585519277061
GTAACTTGCGGCAGTC-1,-0.752286754319175
GTAAGCGGGCAGTCAG-1,-0.6128831921143426
GTAAGGATTTGTCGGA-1,-0.30922111110492256
GTAAGTAACAGTCTGG-1,-0.437931983616265
GTAAGTAGGGTATACC-1,-0.7272568476431838
GTAATAAAGGGCTCCC-1,-0.3297757369814021
GTAATCTGATTCTTCG-1,-0.6874530857610638
GTACACTTACCTGAAG-1,-0.31941261581411795
GTACAGAGGCAAGGGT-1,-0.6675361776333387
GTACGAGATTGCGACA-1,-0.1909630510776992
GTACGCTTCATTGCAC-1,-0.22273326731293427
GTACGTTTGCCCGTCA-1,-0.5058210038545086
GTACTAAGATTTGGAG-1,-0.6820474690181464
GTACTCCCTTATCGCT-1,-0.7584849512983566
GTACTCCTGGGTATGC-1,-0.7791469791477551
GTACTGCATGAAGCGT-1,-0.6832529759852857
GTACTGGAGTTAGACC-1,-0.6882482026669792
GTACTTGGGCACTTCT-1,-0.602610921140078
GTAGACAACCGATGAA-1,-0.5762874391940204
GTAGACGTCGTTACAT-1,-0.6937419411483634
GTAGAGGGAGACAAGT-1,-0.3985575213975006
GTAGCCAAACATGGGA-1,-0.7921223946875972
GTAGCGGCTATACACT-1,-0.4792458589345071
GTAGCTCCGGGAGGCT-1,-0.8076445658935559
GTAGCTTCCTCTTGTT-1,-0.2897331526272211
GTAGGTGATCCGTGTA-1,-0.4273572081104426
GTAGTCGCGGGAATCA-1,-0.7880880262999357
GTAGTCTACGATATTG-1,-0.19428051303444263
GTAGTTCGAAGGCGAA-1,-0.4098022319442153
GTATAGGACTCAGTAG-1,-0.2434383699157743
GTATCAAACGTTAGCT-1,-0.2738209234292579
GTATCAGCTTGGGTTC-1,-0.12562517564524117
GTATCCTTTGGTAACC-1,-0.7293004256028053
GTATCTCAGTCTTGAC-1,-0.44117599900474996
GTATCTTTCATAACCA-1,-0.17576925560172996
GTATGAAATTTCACTC-1,-0.7335484490232734
GTATGTGGGTCTAGTT-1,-0.6357162682632002
GTATTAAGGCGTCTAA-1,-0.41695547751463063
GTATTCTGAGAAACGA-1,-0.7159047316387388
GTCAAAGAAGTGGTGT-1,-0.7995098031260928
GTCAAAGTTTACATAG-1,-0.5123906502365784
GTCAAGCGGACTCGGG-1,-0.7723505642056626
GTCACAAAGTTTCCAA-1,-0.6734222036833944
GTCACTCTCCAAATCT-1,-0.7487804793142306
GTCAGAATAGTCTATG-1,-0.7137570462607414
GTCAGTTGTGCTCGTT-1,-0.421720280864035
GTCAGTTTGGTAGTCG-1,-0.7467974782113396
GTCATGCACCTCCGTT-1,-0.8096179332858905
GTCATGGACATGACTA-1,-0.6322949752561042
GTCATTAGAGCGAACG-1,-0.34293483542139347
GTCATTGCATTGACCC-1,-0.46319433173939567
GTCCAATATTTAGCCT-1,-0.4707251725929231
GTCCATTACTGCTACG-1,-0.6995312459930563
GTCCCAACGTAAAGTA-1,-0.6997328640182913
GTCCGGACCTGAAATT-1,-0.6854067852928457
GTCCGGCTGAATTGCG-1,-0.18065810135780042
GTCCGGGTTCACATTA-1,-0.7902821505825437
GTCCTACGAATAGTCT-1,-0.7181108838586487
GTCCTTCTAGTGGGTT-1,-0.6764187596732393
GTCGCGTAACCCGTTG-1,-0.31703608248205795
GTCGGATATCTCAGAC-1,-0.06888348091296641
GTCGGATGTAGCGCGC-1,-0.22241034844000504
GTCGTACCATCTCGGG-1,-0.35912147369661146
GTCGTACCTACGATTG-1,-0.7876610061889087
GTCGTATTGGCGTACA-1,-0.7295528247321658
GTCGTGTCTGGTCATC-1,-0.6929876823018977
GTCGTTATTCGCTTAT-1,-0.5297568165996311
GTCTACTCAATTACAA-1,-0.7511512280507294
GTCTATCTGAGTTTCT-1,-0.11739894419455564
GTCTATTGGTTCCGGT-1,-0.5576444043969182
GTCTGGGCGGTCGAGA-1,-0.5981271121431146
GTCTTAGTACAGCCGG-1,-0.15701411035838247
GTCTTGTAGCTATTCA-1,-0.11679110335555315
GTGAAACGGCGCCACC-1,-0.17749228630339853
GTGAAACGTGCTCCAC-1,-0.7227965276908265
GTGAACTCCCATTCGA-1,-0.24104932301990134
GTGAAGATTTCAAGTG-1,-0.7222008260065353
GTGACAGCTTCCCACT-1,-0.1560763354911476
GTGACCGCACACTACG-1,-0.4943614704453195
GTGACGAGGGTGACCC-1,-0.5096870517585342
GTGACGCAGGTTTCAT-1,-0.37236903998794885
GTGACTTCAGTAGTGC-1,-0.25788832555740493
GTGAGCGTGCTGCACT-1,-0.7732327086600189
GTGAGGACACTTAAGG-1,-0.8030735794911043
GTGAGGAGCGGTTGAG-1,-0.18677686683795794
GTGAGTGGTACAACGC-1,-0.7375430027852518
GTGATCACTAACGCCT-1,-0.6455341936394826
GTGATCATAGATCTGC-1,-0.33844388033352885
GTGATCCTTGTCATGA-1,-0.7247636264200576
GTGATTCGCCGCTCAA-1,-0.7371237840677891
GTGCAACAAATGTGGC-1,-0.14177002156646276
GTGCACCAGCTTCAAC-1,-0.5213757706026146
GTGCACGAAAGTGACT-1,-0.1911979093542481
GTGCCATCACACGGTG-1,-0.3725189861752498
GTGCCCGTTCGGATTC-1,-0.6134194583735595
GTGCCGCTTCAAAGGT-1,-0.47860801304876227
GTGCGAAATCGAACAC-1,-0.2828397267685953
GTGCGGGTCTCCAAAT-1,-0.17408421576013136
GTGCGTGTATATGAGC-1,-0.5359558404731839
GTGCTCAAGTACTGTC-1,-0.27450718406047714
GTGCTGCAGATAAGGA-1,-0.8041232958634901
GTGGAACCTACATGCG-1,-0.385828326408536
GTGGACCAACCCGATT-1,-0.8135174291017504
GTGGACGCATTTGTCC-1,-0.6242048322123109
GTGGACGTGCTGAGAC-1,-0.745535182225106
GTGGAGTCGGCGGTTG-1,-0.4307167892590797
GTGGCAAACAGCGGCA-1,-0.7733025596421659
GTGGCGGTCCCAGCGT-1,-0.8029097455022793
GTGGGAAGACTGAATC-1,-0.7861835424006185
GTGGGCTTAGACACAC-1,-0.6684800655009072
GTGGTGGCCAAGTGAA-1,-0.6270306887828437
GTGGTTACTTCTTTCG-1,-0.5856498797687637
GTGGTTTCCGCCTTTC-1,-0.14300897599505405
GTGTACCTTGGCTACG-1,-0.5693585595994342
GTGTCAGTGTACGTGG-1,-0.7203880586719104
GTGTCGTATAGCGTTC-1,-0.46820982797322463
GTGTGAATAACTTAGG-1,-0.47679243890146805
GTGTTACTATGCGTCC-1,-0.536947386105641
GTTAAAGTAGGACTGG-1,-0.7829077665280147
GTTAACATCACTTAAA-1,-0.4274838429432103
GTTAACTATGTTGTCA-1,-0.11331741834071142
GTTAATGTCTATCTTA-1,-0.7563241436987939
GTTACAATTGGTGACG-1,-0.4624034608323172
GTTACCTACAACTTGC-1,-0.18078102621324715
GTTACTTTGGGCCTAG-1,-0.49926138866718034
GTTAGCCCATGACATC-1,-0.7845706179668859
GTTAGCCGTAAATCAA-1,-0.6560367732096475
GTTAGGCTACCCGTTT-1,-0.6291405032755284
GTTATAATACGGTGAA-1,-0.21404884033507848
GTTATATTATCTCCCT-1,-0.7260737048694775
GTTCACAGGAGTCTAG-1,-0.1470387600822516
GTTCATCGTTTGGCTG-1,-0.4535610745139827
GTTCCAGTCTGACCAT-1,-0.7337401644902759
GTTCGCCATAAGTGCC-1,-0.27084950880367975
GTTCGGATCGGGAACA-1,-0.1111267531136709
GTTCGGGCGTACCATT-1,-0.6093516741738043
GTTCGTCTAAAGAACT-1,-0.6540131199592212
GTTGAACCGGTTCCAT-1,-0.3972949341177857
GTTGAGTCCCGCCGGT-1,-0.5607197925742919
GTTGCACGGAGTTTCG-1,-0.6936856878469775
GTTGGATTCAGTGGCT-1,-0.7135567111440768
GTTGGATTGAGAACAC-1,-0.2837131578867559
GTTGGATTTGCGTTGG-1,-0.39483484823717285
GTTGGTCATGCTATCC-1,-0.7917547832386962
GTTGTCGTGTTAGTTG-1,-0.268649801302933
GTTTACGTTCCATCTG-1,-0.1753170099345736
GTTTCATATCGTCGCT-1,-0.7924413316233928
GTTTCCTGGAGGGTGA-1,-0.6999956671265664
GTTTCTGCAGTCTCCC-1,-0.36251879142809834
GTTTGACCAAATCCTA-1,-0.5858133275952322
GTTTGGCCCAAGTTAT-1,-0.21265160028787192
GTTTGGCCGCTCAGCG-1,-0.16326616432933205
GTTTGGGCTTGTGAGC-1,-0.8124168278101456
GTTTGGGTTTCGCCCG-1,-0.39892421967307323
GTTTGGTAGGGTCAAC-1,-0.7214368566589842
GTTTGGTGATCGGTGC-1,-0.7427448557546463
TAAACCCAGGAGGGCA-1,-0.40516112153845313
TAAAGAGCCCGAAACC-1,-0.6756012670899421
TAAAGCGTTAGGAGAA-1,-0.2903282692725359
TAAAGCTGCAATAGGG-1,-0.6503568753932919
TAAATGAATCCGTTTC-1,-0.5156995818582523
TAACAAAGGGAGAAGC-1,-0.10468935478331154
TAACAATATTTGTTGC-1,-0.6237049366159333
TAACAGCGTTTGTGCT-1,-0.4545599388513141
TAACATACAATGTGGG-1,-0.3521758120859676
TAACATACACGCGATC-1,-0.4711313683394573
TAACCGCCCGCAGTGC-1,-0.7399338928357062
TAACCTACCGTCCGAG-1,-0.20348060660230008
TAACGCTTTGAGAGCG-1,-0.5306223546670393
TAACTATCGAAGGTCC-1,-0.6998997712774814
TAACTATTACGCCAAA-1,-0.7355744833302483
TAACTCATCCGCGCGG-1,-0.1964064118799028
TAACTCCATGGAGGCT-1,-0.437312533129746
TAAGCAGGCGACACGC-1,-0.13665772968524437
TAAGGAACTTGTGGGA-1,-0.8052784411853776
TAAGGCAACATAAGAT-1,-0.5578693205046883
TAAGGCTGAATCCCTC-1,-0.3600928310557799
TAAGGGCCTGTCCGAT-1,-0.7914440108553512
TAAGGGCTGGGAGAGG-1,-0.19534342032984495
TAAGTAACATCTTGAC-1,-0.1441057670367227
TAAGTCGCCGAGTATC-1,-0.5864947807248677
TAAGTTGCGACGTAGG-1,-0.7430242931900832
TAATAAACAAGGAGAT-1,-0.18166905419315613
TAATACACAGTAGTAT-1,-0.12807447298590127
TAATAGAACAGAGTTA-1,-0.7514253509964879
TAATAGGTCACCAGAA-1,-0.7628529349949916
TAATAGTGACGACCAG-1,-0.6609480782102585
TAATATTGAAATTCGC-1,-0.27230612302982454
TAATCGATCCGTACGT-1,-0.7052394049519
TAATTAGGACATCCGT-1,-0.10688157327539709
TACAAGTCTCGTGCAT-1,-0.7476175128339874
TACAGAAACGGTGGGC-1,-0.7462144593749518
TACATAGGCATACACC-1,-0.6965134672489455
TACATCCCTATCCCTG-1,-0.7864630039863135
TACATTTCTAACGTGC-1,-0.43571517084167144
TACCAATAAAGTACCA-1,-0.7077181294426113
TACCAGAAGTAGGTTC-1,-0.654406760755657
TACCAGCTAGGTTTAA-1,-0.5930495896565213
TACCGCGGACTTGCAG-1,-0.2506714988093064
TACCGGCTCACTGCCC-1,-0.15903601412908897
TACCGGTCGTTTCCAT-1,-0.15007931036947583
TACCGTAGGTTAACTA-1,-0.363313685152341
TACCGTGCCTCGGACC-1,-0.7657187823524659
TACCTCACGCTTGTAC-1,-0.12078668703539394
TACCTCAGTTGTCTGT-1,-0.439441846820704
TACCTGCTGCACTGTG-1,-0.8199865398557741
TACCTTAAGATTTCCC-1,-0.7751114893749806
TACGAACACGACTTCA-1,-0.3171262734526831
TACGACGCTTGCTGCG-1,-0.13120962660204905
TACGACTGCCTCTTAG-1,-0.7431330270439263
TACGAGAACTTCACGT-1,-0.2218648620372944
TACGATGTTGATCATC-1,-0.4163138469108701
TACGCAGTTCTTTCCT-1,-0.4159756342562244
TACGCCATATTCTAAT-1,-0.19649966855979026
TACGCCGAGGGTACCC-1,-0.5830866458212385
TACGCCTCCATTCCGA-1,-0.6726793561504352
TACGCTATAGAAACCT-1,-0.1975140389272093
TACGGAAGCCAAACCA-1,-0.7865255129896287
TACGGGATGCTAGCAG-1,-0.4202610961901873
TACGTACTAGTGCTGA-1,-0.24055656102435743
TACGTGCACTATGCTG-1,-0.10536498750769722
TACGTTTACCGGCAAT-1,-0.21654228000891307
TACTCCTCTAGTTGAC-1,-0.79314276130846
TACTCGGCACGCCGGG-1,-0.15901493546759368
TACTCTCCGAACAAAT-1,-0.2517469327615121
TACTGCAATCAATTAC-1,-0.7011692757727654
TACTGGACAGCTCGGC-1,-0.79045317035999
TACTTGTTAGTAGTCC-1,-0.5909983819476947
TACTTTACTGAGCCGG-1,-0.2436559796104802
TACTTTCCGCACGCCA-1,-0.7875655028114172
TAGAAAGGTGGCGCTA-1,-0.7120273648905319
TAGAAATTCACGTATA-1,-0.7829375162602138
TAGAATTAAGGGCAAC-1,-0.5815528283258236
TAGACGAAACGCCAAT-1,-0.17607226186747843
TAGACGCCCGTACCGG-1,-0.23446572249906789
TAGACTACCTAGCGTT-1,-0.16959915328173047
TAGAGATCATGCAACT-1,-0.7856073448192359
TAGAGGTTCTACTTGT-1,-0.27222120140326606
TAGAGTCTAAGCGAAC-1,-0.14118263875174097
TAGATATGGACTGGAA-1,-0.745568244076953
TAGATCCGAAGTCGCA-1,-0.5305412873742724
TAGATGGTTCCTTACT-1,-0.7952738209723592
TAGATTCCTGGTTATT-1,-0.40654257376732217
TAGCAACCTGTCACAA-1,-0.5118811498169379
TAGCCATTTCAAAGTC-1,-0.6041983859052876
TAGCCGGCGGTCAGCG-1,-0.18429903274819412
TAGCGTCCCTCGATTG-1,-0.0691093350173324
TAGCGTTGGGTCTTAC-1,-0.3891861880097848
TAGCTAAGTCCGGGAG-1,-0.5093481344675029
TAGCTAGAAGGCATGA-1,-0.8117840776693049
TAGCTCGCCTGATAAC-1,-0.7475880796522117
TAGCTGATGTGAAGCG-1,-0.7789672510236434
TAGGCATGTTACGCCA-1,-0.24561748292542968
TAGGGAGCTTGGGATG-1,-0.596750399507892
TAGGGTGTTTCAAGAG-1,-0.760071515106759
TAGGTCCAAGTAAGGA-1,-0.7407723003451483
TAGGTCGCCGGAACTG-1,-0.24025565111458952
TAGGTGACGATAACCT-1,-0.7759922240738091
TAGGTGAGCCCTACTC-1,-0.5961805851120827
TAGGTGCTCGCCTAGC-1,-0.6979530960574634
TAGGTTCGAGTTCGTC-1,-0.24696759269707116
TAGTACCTTAGTGGTC-1,-0.725715998094874
TAGTAGCTTATACCAG-1,-0.2999924455801464
TAGTCCGCAGAGAATG-1,-0.3783365527642462
TAGTCGATCACGGGTT-1,-0.7073544431862074
TAGTCTAACAACGAGA-1,-0.46601690974731985
TAGTCTGTGACGTTGC-1,-0.6021654718206989
TAGTGCCCTCCAGAGT-1,-0.36681672930573944
TAGTTAAGATAGGATA-1,-0.2520187498496229
TAGTTTATTCTTGCTT-1,-0.7631350445856839
TATAAATCCACAAGCT-1,-0.6405880256396177
TATAAGTGAGGATAGC-1,-0.096236765526649
TATACACAGACGCCTT-1,-0.7424221936972145
TATACACGCAAAGTAT-1,-0.06649831578883093
TATAGAGTCGCTTGAA-1,-0.28664354202076814
TATAGATGGTCGCAGT-1,-0.05783985305113722
TATAGGGTACTCATGA-1,-0.4617171319675022
TATATAGGGCTTTACG-1,-0.5626946711553089
TATATATCGAGAAATG-1,-0.4403901554573252
TATATTCGCGTCGATA-1,-0.6845340221454209
TATCACCCAACCGACC-1,-0.6910871336035899
TATCACTTCGAGTAAC-1,-0.6880830447561149
TATCCATATCATGCGA-1,-0.799392380806427
TATCCGCACCGTCGGG-1,-0.32395529346566665
TATCCTATCAACTGGT-1,-0.7891429884553844
TATCCTGCATGGGAAT-1,-0.6203621365033218
TATCGATCTATGCATA-1,-0.1449330117859713
TATCGATGATTAAACG-1,-0.6375513059687976
TATCTACAGAGGTAAT-1,-0.7882873916595764
TATCTACCACAGCGGG-1,-0.7801286569302585
TATCTAGCCTAAAGGA-1,-0.18014332107844722
TATCTTGCAATACAAC-1,-0.6868089678643123
TATGAAGACAGGTGCG-1,-0.8018606150747631
TATGATCTTCTCTTTA-1,-0.599072065087521
TATGCTCCCTACTTAC-1,-0.5525918588448329
TATGGATGTGCTACGC-1,-0.7211389130735584
TATGGCCCGGCCTCGC-1,-0.6350781433429522
TATGGGACCGAGCAGG-1,-0.2741998511634549
TATGGGTACGTATCGT-1,-0.35533823866173764
TATGGTCTGAGTAACA-1,-0.6430988872144757
TATGGTTAGTGGGAGA-1,-0.5482994427786783
TATGTAAAGTGCTTAA-1,-0.23268652197336454
TATGTCAAGACCGACT-1,-0.1822488328472951
TATGTCTCATTGTGCC-1,-0.26181758731554433
TATTATGTTTGCCTGC-1,-0.6516034966414131
TATTCAATTCTAATCC-1,-0.7253774105908591
TATTCCACTCAGCTCG-1,-0.7891624790638766
TATTCCTCCGCCCACT-1,-0.7508732461995425
TATTCGTGCCAGAATA-1,-0.23678262873368125
TATTTAGTCTAGATCG-1,-0.32158961511618134
TATTTATACCGAGTAG-1,-0.32460092611552127
TATTTGTTACCCTTTA-1,-0.6219452695171864
TCAAACAACCGCGTCG-1,-0.712447400345749
TCAAACTTAGATTGTT-1,-0.2147103420410391
TCAACAAAGATAATTC-1,-0.2775356024767126
TCAACACATTGGGTAA-1,-0.51916174591942
TCAACATAGCGCCCTA-1,-0.39582701005755855
TCAACCATGTTCGGGC-1,-0.6923101316196011
TCAACGCAGGAAATAA-1,-0.7125670837616485
TCAACGCGACCGGCAG-1,-0.7981311859239878
TCAACTAACGTATAAC-1,-0.38838035796405984
TCAAGAAATACTAGCT-1,-0.6831312553953726
TCAAGGTTACTACACC-1,-0.6347424438127365
TCAATACGCCGTCATG-1,-0.350645649601107
TCACAAACCGAGGTAC-1,-0.7690053428734872
TCACAGCAAACTCGAA-1,-0.768919981692927
TCACAGGGAATCGCAA-1,-0.5596391821310411
TCACAGGTTATTGGGC-1,-0.22818751095997283
TCACATCTTATCTGAT-1,-0.6857153575943348
TCACCCTCTTAAGATT-1,-0.5260820362161959
TCACCGCTCGGCACTC-1,-0.271560885747484
TCACGATGTCCGTGGA-1,-0.23499416023535294
TCACGCATTGTAGATC-1,-0.3062179676627596
TCACGGTCATCGCACA-1,-0.6763512580537007
TCACGTGCCCGATTCA-1,-0.46118328939228326
TCACTCGTGCAACGGC-1,-0.4311942308930999
TCAGAACCTCCACAGG-1,-0.35653532086226325
TCAGACGCTATAGAAG-1,-0.4416915232007657
TCAGCAAATGCATCTC-1,-0.6275251048783905
TCAGCAGTAGGCCCTG-1,-0.20772977070296758
TCAGGGTGTAACGTAA-1,-0.5406767036270521
TCAGGTTCTTTGAGAA-1,-0.5779826194022695
TCAGTACTGACCCGCG-1,-0.7120831304053693
TCAGTAGGGACTATAA-1,-0.19717061225041194
TCAGTGTATACGTCAT-1,-0.5365243417642253
TCATACTTACAGATCC-1,-0.6738347002591271
TCATATGAGCTTTGTT-1,-0.23820284046462323
TCATCACTCGAGCTCG-1,-0.521231706175235
TCATCCCAGAGGGTGG-1,-0.19558513814839826
TCATCGATGGTCCCAA-1,-0.3917821797124055
TCATGCAGGTTCTCAT-1,-0.4018822223072687
TCCAACTTTAAATTCT-1,-0.5071584355420117
TCCAAGCCTAGACACA-1,-0.6477521330439738
TCCACAATGGTTTACG-1,-0.6920210343407281
TCCACATCGTATATTG-1,-0.7918562848055238
TCCACCTCTAGCCTTT-1,-0.4701270293282559
TCCACTTTATCTAGGT-1,-0.5244746720622646
TCCAGAGCACCGGTTC-1,-0.6404818976611657
TCCAGGCGAGTACGGT-1,-0.16466273105211424
TCCCAAAGACGAAGGA-1,-0.7572290345860015
TCCCACTCTCTTCCGG-1,-0.7585530604192974
TCCCAGCTTTAGTCTG-1,-0.16119933351552496
TCCCAGGCTTAGCTAA-1,-0.23525210913663158
TCCCGCGTACTCCTGG-1,-0.5840293635234824
TCCCGGGTGTGCTGCT-1,-0.14161828862720205
TCCCGTCAGTCCCGCA-1,-0.6483169819187977
TCCCGTGTGCAATTTG-1,-0.6280581971289338
TCCCTGGCGTATTAAC-1,-0.7308516384530513
TCCCTGGCTCGCTGGA-1,-0.7810395136668212
TCCCTTAGATTACTCG-1,-0.3691524837582921
TCCGAACTTGGCTTAC-1,-0.3283787632877547
TCCGAATGGTCCTGAG-1,-0.600531299716733
TCCGATAATTGCCATA-1,-0.18503735040460312
TCCGATGACTGAGCTC-1,-0.21706946677288003
TCCGATGGTGCGACAT-1,-0.7776158112438156
TCCGATTACATTGCCG-1,-0.5096966062364318
TCCGCGGCAGCATCTG-1,-0.6928113211197355
TCCGCTGTCATCCCGG-1,-0.500673916174568
TCCGCTTATCCCATTA-1,-0.5124435892595707
TCCGGCCTAGCGTACA-1,-0.34400934923042414
TCCGGTTCGTCCGGTC-1,-0.7888465587566249
TCCGTTAAGCTAATAT-1,-0.3886517631259848
TCCGTTTAGCCTTGAA-1,-0.25253978096223473
TCCTAAATTGGGAAGC-1,-0.7707862317239768
TCCTAACCGTCGGGCA-1,-0.3694848230280056
TCCTACATCCACGGCC-1,-0.408630354176345
TCCTAGCAAAGAAGCT-1,-0.24814018786821151
TCCTCGGGCTGGGCTT-1,-0.5360676055858715
TCCTCTACGAGATGGC-1,-0.5193461564772118
TCCTCTCCAGTTGTCC-1,-0.4531796951826168
TCCTGCCAACTGGAGA-1,-0.3319426852191521
TCCTGCGTTGATACTC-1,-0.19890204603535655
TCCTTACGACGGTCCG-1,-0.47458096154272117
TCCTTCAGTGGTCGAA-1,-0.15737496760268618
TCCTTGTCCTTTAATT-1,-0.7771172370347144
TCCTTTAAATCCGCTT-1,-0.8128306919980731
TCCTTTCTTACGCTTA-1,-0.2728571497164962
TCGAAATTTAGGACCA-1,-0.7634880978596774
TCGAAGAACCGAGCAC-1,-0.5185444469494709
TCGAATATCCCGCAGG-1,-0.4288937437474358
TCGAGACCAACACCGT-1,-0.3250499927320481
TCGAGCCAGGCAGGCC-1,-0.7476200512344895
TCGATAGGCTAGTCGC-1,-0.6109519320812985
TCGCAAAGATGCATTT-1,-0.5233784063798003
TCGCACCAGGAGGCAG-1,-0.312916369114118
TCGCATCCCTAAGTGT-1,-0.2243752950044684
TCGCCGAAGTTGCGTC-1,-0.1112466579861282
TCGCCGACATATTCGC-1,-0.582718791668079
TCGCCGGTCGATCCGT-1,-0.32287494086412216
TCGCGTAGCAGTGTCC-1,-0.1458523687529159
TCGCGTCCAGAAGGTC-1,-0.6486561417857052
TCGCTAAACCGCTATC-1,-0.21947056574573126
TCGCTACTGGCTTTGA-1,-0.19674278229018213
TCGCTCGATATATTCC-1,-0.7633424335592727
TCGCTCGGCACCAGCG-1,-0.7424576804581772
TCGCTGCCAATGCTGT-1,-0.5250716720450815
TCGCTGGGCGGATTGT-1,-0.7478772990934284
TCGCTGTGCGTAAATC-1,-0.745041463814547
TCGCTTTAAACGTTTG-1,-0.24281407179717557
TCGGAATGCGCTCTGA-1,-0.661189730915048
TCGGACGCCCAGCCCA-1,-0.6532808733869178
TCGGAGAGTATCGGGA-1,-0.7534716124675772
TCGGAGTACATGAGTA-1,-0.6522064970323646
TCGGCGAACCCAAACC-1,-0.7495937686078035
TCGGCGTACTGCACAA-1,-0.7488445854174846
TCGGCTTGTATCGACG-1,-0.8225840737493525
TCGGGAACGTGCCTAG-1,-0.7047689231441888
TCGGGAGACAGCGTAC-1,-0.20382703911735134
TCGGGATTCAAACATA-1,-0.8169906060165926
TCGGGCCGTCGTGGTA-1,-0.5789205538581563
TCGGGTGAAACTGCTA-1,-0.725455360934489
TCGGTCCCGACAATAG-1,-0.497357546297359
TCGTAAGACGACATTG-1,-0.6784263011311938
TCGTACCGACGTCAAG-1,-0.7762122653159076
TCGTATAGTGCAATTA-1,-0.7623895291653371
TCGTATTACCCATTGC-1,-0.7905239853815716
TCGTCAAGTACGCGCA-1,-0.7232071844385397
TCGTCCGCTGGCGTCT-1,-0.06026935796354624
TCGTCTTAGGCGTTAA-1,-0.6470458103463385
TCGTGTACTATGGATG-1,-0.43711660529256857
TCGTGTCACGCTGACA-1,-0.7779126853326623
TCGTTAGGAGTCCCTA-1,-0.7600072784176451
TCGTTCGTTATTATGT-1,-0.7359468592706718
TCGTTGCTATCCGGTC-1,-0.7063753714757777
TCTAATACTGCCTCAG-1,-0.30901609260847224
TCTACCGTCCACAAGC-1,-0.654609552813403
TCTAGCAATCTCCGCC-1,-0.8169198946435282
TCTAGCATCTTCGATG-1,-0.6843252331284264
TCTAGCATGCCCAGAA-1,-0.1664184745457014
TCTAGGTGGCGACGCT-1,-0.2165783826981867
TCTAGTGATATCGTGG-1,-0.5717104552918453
TCTATCATGCAGTTAC-1,-0.6987597373653376
TCTATCGGTCGCAACA-1,-0.7785245895145846
TCTATTACGCTGGCGA-1,-0.7083216242686499
TCTATTACTAGAGGAT-1,-0.7907345409805616
TCTCATGAGATAGGGT-1,-0.40049346086837395
TCTCCACAAGTTGAAT-1,-0.8046295521668685
TCTCGACGTATCGCCG-1,-0.11977095083264137
TCTCTAATAGCTGGTA-1,-0.7888250276180514
TCTCTTACCGCGAACC-1,-0.18126245346066333
TCTGAACCGGTCGGCT-1,-0.0869859732737535
TCTGAACTCGTACCCG-1,-0.5125498024850434
TCTGAATTCCGTACAA-1,-0.12784911504470617
TCTGCCAGAAACTGCA-1,-0.44513144793453857
TCTGGGTAGCGCTCAT-1,-0.532132470139208
TCTGTCATACAAGAGC-1,-0.7834266075853914
TCTGTGCCATCATAGT-1,-0.559452530641599
TCTGTTACCCAGCATA-1,-0.49289993224797674
TCTTACAGAGGTACCG-1,-0.3148475284200575
TCTTACCGGAACTCGT-1,-0.4437107952665809
TCTTACGGCATCCGAC-1,-0.6562733804546175
TCTTACTTATGCCTCT-1,-0.3530218251764789
TCTTAGAGCTCCAATT-1,-0.30095812460604326
TCTTAGAGTGAACTCT-1,-0.5426186592014979
TCTTCCCATGGGCACA-1,-0.21180096654465283
TCTTCGAATAGACGTT-1,-0.42956545885278813
TCTTCGATACCAATAA-1,-0.28814200062599116
TCTTCTATAACCCGCC-1,-0.058532546649840755
TCTTGATGCGTAGCGA-1,-0.4222592490763138
TCTTGCTCCCGATACT-1,-0.1740143143221615
TCTTGGTAACACCAAA-1,-0.47040751453018725
TGAAACTTATGCAAGC-1,-0.46629122841736714
TGAAAGGACCTGACTC-1,-0.5989247581310628
TGAACAAGCAGGGACT-1,-0.6712228171657707
TGAATACCGACGCGTA-1,-0.7400569543967227
TGAATGTCAGCCGGCC-1,-0.08725024406165928
TGACATCGAGCGGACC-1,-0.2256837616122396
TGACATGTAACGTGAC-1,-0.7713676429009788
TGACCAAATCTTAAAC-1,-0.19198094362761914
TGACCCACGTTAGACA-1,-0.14049433690922025
TGACGAATATTTCCCT-1,-0.8081304467151005
TGACGATGCACTAGAA-1,-0.6132722792992596
TGACTATAATCCTTTC-1,-0.2054418851809832
TGAGAATGCTTTACCG-1,-0.18816492224414866
TGAGAGATTTACCACG-1,-0.5975245375594306
TGAGATCAAATACTCA-1,-0.7067951692030803
TGAGATTAGGCCCTAA-1,-0.608198752323409
TGAGCCATACAGTCTC-1,-0.49416873319375737
TGAGCGGAAAGTGTTC-1,-0.7319330478441076
TGAGTAAATTAGCGTA-1,-0.6639858730393992
TGAGTGCCTCTTAAAT-1,-0.09253626029184346
TGAGTGGTCCGTGACG-1,-0.12570634592378296
TGAGTTAAAGACATTC-1,-0.0891266583213731
TGATAGCGGGATTCTA-1,-0.7475448616556197
TGATCAGGGAACTGCT-1,-0.8018469020942669
TGATCCCAGCATTAGT-1,-0.6650568233060274
TGATCGGTTTGACCCT-1,-0.14919212834062207
TGATCTACGCTGATCT-1,-0.5454459122554117
TGATCTCCGGCGCCAG-1,-0.26038697859546517
TGATTCCCGGTTACCT-1,-0.5254638636708716
TGATTCGTCTATCACT-1,-0.2851017619210871
TGATTCTGTCGCCGGT-1,-0.5885960112731334
TGATTTATTAGCTGTG-1,-0.5198868624645756
TGATTTCCTCCTGACG-1,-0.37024916667588326
TGCAACCCATCTGCGG-1,-0.804335475856022
TGCAAGAATGACGTAA-1,-0.6605368176568416
TGCAATCTAACACGGT-1,-0.6396680786679271
TGCAGAACTATATCGT-1,-0.7842475451904163
TGCAGAGTACCGAGCA-1,-0.6357716053129567
TGCAGATCGTCCTAGG-1,-0.7888263564997009
TGCAGCTACGTACTTC-1,-0.7974624171240903
TGCAGGATCGGCAAAG-1,-0.6014380898777938
TGCAGTTTCCTCCCAT-1,-0.6599291928378037
TGCATATGTCTGTCAC-1,-0.6298365901616232
TGCATGGATCGGATCT-1,-0.26854332328261327
TGCATGTGACCCATAG-1,-0.6137275070361382
TGCATGTGGTAATCTA-1,-0.6571819979370871
TGCCAAAGTCAGACTT-1,-0.7989265927399456
TGCCAATGGGTACTCT-1,-0.22491058012659876
TGCCACCTGGCGAAAC-1,-0.644755995400992
TGCCAGTACGTGGAGA-1,-0.7467642138850231
TGCCATTACTAAAGAA-1,-0.2859984822314749
TGCCCGTACCGTTAAA-1,-0.2800650589514919
TGCCGGATGTACGAGC-1,-0.8011555848266567
TGCCTAATTGAAGATT-1,-0.24688830817460117
TGCCTGATCAAACGAT-1,-0.22911719405691233
TGCCTTGGCCAGGCAA-1,-0.6551534718671965
TGCGAATATGGGATTT-1,-0.792659471582799
TGCGACACCCTAGTGC-1,-0.34640215529714397
TGCGACGGCCGAACGT-1,-0.5191032740533663
TGCGAGAATATTACCC-1,-0.7453627391987169
TGCGCAAAGCATTTGG-1,-0.14068886858180213
TGCGCGATTAACGGAG-1,-0.5780413983001766
TGCGGACTTGACTCCG-1,-0.6925238517402965
TGCGGAGTAAAGGTGC-1,-0.7625196397916091
TGCGGCATAGTTCAAC-1,-0.6769063657879444
TGCGGTGAAATTTCAT-1,-0.24702881491953307
TGCGTAAGAACCTGAT-1,-0.16081471680923135
TGCGTCATGACTGAGC-1,-0.573405829421102
TGCGTTTGTTGACACT-1,-0.4179724647371516
TGCTAAGTGTCTATTT-1,-0.7241795407540648
TGCTCCACAGTTCTTA-1,-0.2927185471571996
TGCTCGGTGGGTCACC-1,-0.2244664052855248
TGCTCTTGAGAGTTTG-1,-0.17610976532937872
TGCTGGTTGGACAATT-1,-0.06724510640643198
TGCTGTTGAAGAACTC-1,-0.4096096759430423
TGCTTAGAGAGAATGC-1,-0.6732758456726242
TGCTTCCCAAGCAGTA-1,-0.3793431977398545
TGGAACCACTGACACA-1,-0.5835875285525405
TGGAAGAAGGGAACGT-1,-0.6295626291828403
TGGAAGACGAACACCA-1,-0.3095273042260977
TGGAAGGATAAAGATG-1,-0.17025666026760403
TGGAATATCCTTGACC-1,-0.5602877058796932
TGGACCAATCTAAGAT-1,-0.80512527037006
TGGACGCAATCCAGCC-1,-0.5755644859756739
TGGACTGTTCGCTCAA-1,-0.5287486541987968
TGGAGTGATGCGATGA-1,-0.5593191054126202
TGGCAAACTAAATTAC-1,-0.27516189962622417
TGGCAACTCGCGCGCC-1,-0.11036085053854237
TGGCAATGGGACGGCG-1,-0.19731813427678727
TGGCAGATTACGATCA-1,-0.3291336764433641
TGGCAGCAGTAATAGT-1,-0.6591322660855525
TGGCCAAACTGAAGTA-1,-0.6865394194061704
TGGCCAATTTGGTACT-1,-0.7666491227051112
TGGCCGTATATTGACC-1,-0.7079112890676811
TGGCGATCAAGTTATG-1,-0.7840869148457998
TGGCTATGTGACATAC-1,-0.7466107570373068
TGGCTCTTGTCGCGTA-1,-0.7973492050156521
TGGCTTTGGGTAGACA-1,-0.7866699548223446
TGGGAAATGCCTTTCC-1,-0.5304739271832538
TGGGCAATAGTTGGGT-1,-0.10274146507213781
TGGGCACAAACAGAAC-1,-0.7651307270210267
TGGGCACGTTCTATGG-1,-0.3287638654164528
TGGGCCACAAGAGCGC-1,-0.5727238379073262
TGGGCCCATACTAATT-1,-0.37400720070054344
TGGGCGATACAATAAG-1,-0.7921366822440424
TGGGTAAGGTTCCCGC-1,-0.29592572593525274
TGGTAAGCAGGATTGA-1,-0.7190383161745568
TGGTAGAATATATGGG-1,-0.4849390809680359
TGGTATCGCATCCCAA-1,-0.6617710985401699
TGGTATCGGTCTGTAT-1,-0.6938954889553918
TGGTCCCACGCTACGG-1,-0.4141386889926537
TGGTCTGTTGGGCGTA-1,-0.5916826603665478
TGGTGATCGTATTTGT-1,-0.4364900356843768
TGGTTCAACGGGTAAT-1,-0.7729537833826436
TGGTTCGTAGCAAAGG-1,-0.61815630902547
TGTAATGACCACAATA-1,-0.49560342958674836
TGTACCTACACGAGGG-1,-0.7822886917804704
TGTACGAACAAATCCG-1,-0.4599479607591584
TGTAGGAGAAATTTCC-1,-0.25325695077517485
TGTAGTGATCTATAAT-1,-0.16758659418190808
TGTATAACAGATCCTG-1,-0.5785715128213196
TGTATCCTTATTCCAT-1,-0.48573765983110806
TGTATGGCGCAGACAG-1,-0.42908813713017596
TGTCCCGACATAGCAC-1,-0.7693142969332417
TGTCCGTGGCGCCTTT-1,-0.4659853792272636
TGTCCTAAGTCACCGC-1,-0.5683561240416143
TGTCTACAGTTTCTGT-1,-0.7302226439641053
TGTGACTACGCCAGTC-1,-0.8054889428059556
TGTGCCGGTGCCGGAA-1,-0.3472761240678147
TGTGCTTTACGTAAGA-1,-0.134607419905253
TGTGGCAAAGCGTATG-1,-0.2786726109491136
TGTGGCGGGCTTCTGG-1,-0.22462244290259822
TGTGGTTGCTAAAGCT-1,-0.4531632513250049
TGTGTCGCGAGTTGCA-1,-0.7402536711600142
TGTGTTCGTATCCAAG-1,-0.7709497715819184
TGTTATTGTATGTGGC-1,-0.38331841002956446
TGTTCCGCTTCCATGA-1,-0.49258855993480877
TGTTCGTATTGCGGTG-1,-0.3552065623717247
TGTTCTTCCATTGACT-1,-0.3789548479394779
TGTTGTCAAGAAGTCT-1,-0.220623230854148
TGTTTAATACTTCATC-1,-0.5497714839914047
TGTTTCGGTACTTCTC-1,-0.20860166610221653
TTAAACCTGGTTCCTT-1,-0.5666402266020621
TTAAACTCGAATTCAT-1,-0.22532070155135023
TTAACACCTCGAACAT-1,-0.7700480264385138
TTAACCAACCCTCCCT-1,-0.16918522532722147
TTAACGTCGCAAGACC-1,-0.7627639798390539
TTAACTTCAGGTAGGA-1,-0.7919634056800471
TTAAGATAGGATTGAC-1,-0.5463149668781986
TTAAGCCGACAACTTC-1,-0.21053693682838168
TTAAGCGCCTGACCCA-1,-0.6292224299556991
TTAAGGCCCGTACTTT-1,-0.4714426444458749
TTAATGTAGACCAGGT-1,-0.35174091194392143
TTAATTGCTTTGGGTG-1,-0.1944876223118218
TTAATTTCAGACGCGG-1,-0.12486135755582813
TTACAACTACGCATCC-1,-0.7487813135267228
TTACAGACCTAAATGA-1,-0.7673981497444212
TTACATCGTGGCCTGG-1,-0.07211783569301067
TTACATGCCACAACTA-1,-0.24678004117269214
TTACCATTGATTACCC-1,-0.7000180426889867
TTACCCATTGCCGGGT-1,-0.36174069004288556
TTACCCTAACAGTCCT-1,-0.22625674796793002
TTACCCTAGGGATTGG-1,-0.43524470561349854
TTACTAAAGGACTTTA-1,-0.7496598159384601
TTACTATCGGCTTCTC-1,-0.13875835011680404
TTACTCCGGCCGGGAA-1,-0.7272977779348728
TTACTCTGGTACGTAC-1,-0.15539803219987558
TTACTGGGATATTTCA-1,-0.45960245863359533
TTAGAAGAACATGACT-1,-0.5758663105055173
TTAGAATAAGGGTCGG-1,-0.3989415617026428
TTAGACACGATCGTTG-1,-0.3483717559963648
TTAGACGAGTCACCTC-1,-0.7542408983139148
TTAGAGTTTAGAAGGA-1,-0.3545431521192204
TTAGCAACATGGATGT-1,-0.6001146838642193
TTAGCTAATACGATCT-1,-0.6774084515943212
TTAGCTCTGTAATCCG-1,-0.45760410837096993
TTAGCTGATTTGCCGT-1,-0.7312991891688461
TTAGGTCATAACCGAC-1,-0.28222196091346297
TTAGTAAACCTGCTCT-1,-0.7947653822345604
TTAGTAGGGCGGCGGG-1,-0.6931626361136778
TTAGTTATTCGTGGCA-1,-0.3484942797628489
TTATAGGTAATTGTCT-1,-0.17108182662364854
TTATATACGCTGTCAC-1,-0.7934818695461264
TTATATTTGGCAATCC-1,-0.7161219738391981
TTATCCAATCGAACTC-1,-0.3029800937437159
TTATCCGGGATCTATA-1,-0.6860562263429034
TTATCCTCAAGGAATA-1,-0.8083381072810505
TTATCGCCTGCGAAGC-1,-0.4274157640834961
TTATCTGTATCATAAC-1,-0.6104112292693201
TTATGAATGAAAGGGA-1,-0.40729036478219943
TTATGACAAACTGGAT-1,-0.5236059821974787
TTATGATCTTAACGAA-1,-0.6412335666069003
TTATTAGAGCGTGTTC-1,-0.2068563482168896
TTATTAGGGAAGCATC-1,-0.2831875858338724
TTCAAAGTCTCTAGCC-1,-0.7642770397088472
TTCAACGACCCGACCG-1,-0.7792104925657789
TTCAAGCCGAGCTGAG-1,-0.20402186199802416
TTCAATACTCTGAATC-1,-0.6970301791694202
TTCACTCGAGCACCTA-1,-0.7592111895760837
TTCACTTCCTAGAACG-1,-0.5273848588971551
TTCAGCCCTGGTCCAC-1,-0.6013039481285498
TTCAGCTGGCGTGCCC-1,-0.4589158431246289
TTCAGGCGTCAAAGCC-1,-0.7825995334716707
TTCATGGCGCAACAGG-1,-0.5229738737983683
TTCCAATCAGAGCTAG-1,-0.7408802659813838
TTCCAATCTGGCTATC-1,-0.6473755918630618
TTCCACACAGATTTGA-1,-0.7905075873009829
TTCCAGACGAGATTTA-1,-0.0498792405937776
TTCCCGGCGCCAATAG-1,-0.7641960961995695
TTCCGCAGAGAAATAT-1,-0.7083236664510704
TTCCGCGTGAGGCGAT-1,-0.1627366444135015
TTCCGGCCTTGAGGCT-1,-0.5873903218297316
TTCCGGTATCTGTGTC-1,-0.024846897792839023
TTCCGGTTACCCACTT-1,-0.5389267111703455
TTCCTCGAGGGTGTCT-1,-0.7438246187257951
TTCCTCGGACTAACCA-1,-0.8058879125757759
TTCCTCTGCCCGAATA-1,-0.16382591910961553
TTCGACAGAGCCCGTG-1,-0.626556126891907
TTCGACGGGAAGGGCG-1,-0.679188614256548
TTCGCACTCGCGTGCT-1,-0.5713742879787664
TTCGCACTGTACGACA-1,-0.2832810362523259
TTCGCGCGCCATACGA-1,-0.4856729510387929
TTCGCTATCTGACGTG-1,-0.7522609535254924
TTCGGCAACCCGCTGA-1,-0.340274170999343
TTCGGCTAGAGATGGT-1,-0.6822376502574045
TTCGGGACTAATCGCG-1,-0.40110344681012317
TTCGGGCGCTAGTCTT-1,-0.3736859575729797
TTCGGTACTGTAGAGG-1,-0.6375337596423982
TTCGTAATCCCAGCGG-1,-0.16434565434374482
TTCGTACTCCAGAACG-1,-0.7354723709137059
TTCGTTCAACGAAGTT-1,-0.5596660490445988
TTCTAACCGAAGCTTA-1,-0.10115091448424116
TTCTACTTGCGAGGGC-1,-0.14130844167176598
TTCTAGAAAGTCTTAT-1,-0.4540507406179302
TTCTAGGCCAATTGTG-1,-0.630706465320453
TTCTGCCGCGCCTAGA-1,-0.6345522619097622
TTCTGCGAGCGCCCTT-1,-0.27016681598385345
TTCTGCGGGTTAGCGG-1,-0.5394331860143764
TTCTGCTAGACTCCAA-1,-0.6701177415348578
TTCTTAGTGAACGGTG-1,-0.0767024522306601
TTCTTAGTGGCTCAGA-1,-0.30844822174849396
TTCTTGAGCCGCGCTA-1,-0.6382227018802337
TTCTTGGACGATCTGC-1,-0.46431769826532177
TTCTTGGAGTAATGAG-1,-0.24675175652089168
TTCTTGTAACCTAATG-1,-0.16928683986427723
TTCTTTGGTCGCGACG-1,-0.7326100719418962
TTGAACGAATCCTTTG-1,-0.6620500569139952
TTGAACGACGTGCTGA-1,-0.6994827786230928
TTGAAGAATTCCCAGG-1,-0.3112813451274988
TTGAATATGGACTTTC-1,-0.6422824135063195
TTGAATCGTTGTATAA-1,-0.6270143653370294
TTGACAGGAGCTCCCG-1,-0.469894463488128
TTGACATGAACGTGGA-1,-0.12876124483751678
TTGACCAGGAACAACT-1,-0.6811761598765345
TTGACCATGTTCTCCG-1,-0.11639031285015869
TTGACCGTGTTAATGA-1,-0.43687538610624177
TTGACGATTCAGCACG-1,-0.7488461558590869
TTGACGCTCCATGAGC-1,-0.24246743168869817
TTGACTACCATATGGT-1,-0.08554707571681562
TTGACTATTGTCCGGC-1,-0.7847334992396637
TTGAGAGTACTGCTAA-1,-0.21862786598343978
TTGATCTAACTTTGTC-1,-0.2603158642149405
TTGATGTGTAGTCCCG-1,-0.5680444731611374
TTGATTAGCTGTTTCT-1,-0.669493612273447
TTGATTATGCAGATGA-1,-0.7482142244753074
TTGCACAATTCAGAAA-1,-0.1680113292838586
TTGCACGGAGCAGCAC-1,-0.19029518023389586
TTGCATGCTGATCACG-1,-0.4522227811541609
TTGCCAAGCAGAACCC-1,-0.14472884707278913
TTGCCATAGCCCGCTC-1,-0.5203454823912429
TTGCCCTGATCACGGG-1,-0.48306327981446645
TTGCCGCTTTCTAGTA-1,-0.4078405246111459
TTGCGGCATCAGAAAG-1,-0.5919371238118973
TTGCGTCGGCCAACCG-1,-0.6172642681079472
TTGCGTGAACGCTTAG-1,-0.6624198361578363
TTGCTCCCATACCGGA-1,-0.7131148796911433
TTGCTGAAGGAACCAC-1,-0.2511650134775679
TTGCTGATCATGTTCG-1,-0.11791987852113187
TTGGAAGAATACAGTC-1,-0.784298378518176
TTGGACATGTGGCTTA-1,-0.7169198003239188
TTGGACCATCTGGCAA-1,-0.2264206531368473
TTGGACCTATAACAGT-1,-0.529790468893735
TTGGAGTCTCCCTTCT-1,-0.7959811106321398
TTGGATATCGTCTACG-1,-0.7122581107757859
TTGGATCGACTTCTGG-1,-0.671534852139306
TTGGATTGGGTACCAC-1,-0.17910765995764216
TTGGCCTAGAATTTCG-1,-0.4550576291418913
TTGGCTCGCATGAGAC-1,-0.14891254433635798
TTGGGAAGACGAGCCG-1,-0.8193008401020718
TTGGGACACTGCCCGC-1,-0.6291462936235686
TTGGGACGTAAGAGTT-1,-0.30189135543598056
TTGGGCGGCGGTTGCC-1,-0.7425494312874331
TTGGTCACACTCGTAA-1,-0.7117440654264802
TTGGTTGCGGTGCGCG-1,-0.5726260986750643
TTGTAAGGACCTAAGT-1,-0.8029795943791492
TTGTAAGGCCAGTTGG-1,-0.6978370000730236
TTGTAATCCGTACTCG-1,-0.1957374923023171
TTGTATCACACAGAAT-1,-0.6772473472047008
TTGTCGTTCAGTTACC-1,-0.5735850093083679
TTGTGAACCTAATCCG-1,-0.6612907152604931
TTGTGAGGCATGACGC-1,-0.7828672905303982
TTGTGCAGCCACGTCA-1,-0.16584184924835435
TTGTGGCCCTGACAGT-1,-0.29609123017337946
TTGTGGTAGGAGGGAT-1,-0.7831299212550342
TTGTGTATGCCACCAA-1,-0.4060234585419361
TTGTGTTTCCCGAAAG-1,-0.8008743843194676
TTGTTAGCAAATTCGA-1,-0.27171768430030524
TTGTTCAGTGTGCTAC-1,-0.5950146700238432
TTGTTGTGTGTCAAGA-1,-0.5628905671595891
TTGTTTCACATCCAGG-1,-0.29592213049668775
TTGTTTCATTAGTCTA-1,-0.5197062369420439
TTGTTTCCATACAACT-1,-0.7953234780583874
